section_number, image_url, image_format, image_resolution_mpp, image_width, image_height, atlas_url, atlas_format, viewer_url
1,data2d/specimen_3/Specimen_3_1.tif,tif,4,20000,20000,,,https://brainportal.humanbrain.in/code/2dviewer/annotation/public?data=2&region=-1&section=1&type=hd
37,data2d/specimen_3/Specimen_3_37.tif,tif,4,20000,20000,,,https://brainportal.humanbrain.in/code/2dviewer/annotation/public?data=2&region=-1&section=37&type=hd
40,data2d/specimen_3/Specimen_3_40.tif,tif,4,20000,20000,,,https://brainportal.humanbrain.in/code/2dviewer/annotation/public?data=2&region=-1&section=40&type=hd
43,data2d/specimen_3/Specimen_3_43.tif,tif,4,20000,20000,,,https://brainportal.humanbrain.in/code/2dviewer/annotation/public?data=2&region=-1&section=43&type=hd
46,data2d/specimen_3/Specimen_3_46.tif,tif,4,20000,20000,,,https://brainportal.humanbrain.in/code/2dviewer/annotation/public?data=2&region=-1&section=46&type=hd
49,data2d/specimen_3/Specimen_3_49.tif,tif,4,20000,20000,,,https://brainportal.humanbrain.in/code/2dviewer/annotation/public?data=2&region=-1&section=49&type=hd
52,data2d/specimen_3/Specimen_3_52.tif,tif,4,20000,20000,,,https://brainportal.humanbrain.in/code/2dviewer/annotation/public?data=2&region=-1&section=52&type=hd
55,data2d/specimen_3/Specimen_3_55.tif,tif,4,20000,20000,,,https://brainportal.humanbrain.in/code/2dviewer/annotation/public?data=2&region=-1&section=55&type=hd
61,data2d/specimen_3/Specimen_3_61.tif,tif,4,20000,20000,,,https://brainportal.humanbrain.in/code/2dviewer/annotation/public?data=2&region=-1&section=61&type=hd
67,data2d/specimen_3/Specimen_3_67.tif,tif,4,20000,20000,,,https://brainportal.humanbrain.in/code/2dviewer/annotation/public?data=2&region=-1&section=67&type=hd
73,data2d/specimen_3/Specimen_3_73.tif,tif,4,20000,20000,,,https://brainportal.humanbrain.in/code/2dviewer/annotation/public?data=2&region=-1&section=73&type=hd
76,data2d/specimen_3/Specimen_3_76.tif,tif,4,20000,20000,,,https://brainportal.humanbrain.in/code/2dviewer/annotation/public?data=2&region=-1&section=76&type=hd
85,data2d/specimen_3/Specimen_3_85.tif,tif,4,20000,20000,,,https://brainportal.humanbrain.in/code/2dviewer/annotation/public?data=2&region=-1&section=85&type=hd
91,data2d/specimen_3/Specimen_3_91.tif,tif,4,20000,20000,,,https://brainportal.humanbrain.in/code/2dviewer/annotation/public?data=2&region=-1&section=91&type=hd
94,data2d/specimen_3/Specimen_3_94.tif,tif,4,20000,20000,,,https://brainportal.humanbrain.in/code/2dviewer/annotation/public?data=2&region=-1&section=94&type=hd
97,data2d/specimen_3/Specimen_3_97.tif,tif,4,20000,20000,,,https://brainportal.humanbrain.in/code/2dviewer/annotation/public?data=2&region=-1&section=97&type=hd
100,data2d/specimen_3/Specimen_3_100.tif,tif,4,20000,20000,,,https://brainportal.humanbrain.in/code/2dviewer/annotation/public?data=2&region=-1&section=100&type=hd
103,data2d/specimen_3/Specimen_3_103.tif,tif,4,20000,20000,,,https://brainportal.humanbrain.in/code/2dviewer/annotation/public?data=2&region=-1&section=103&type=hd
109,data2d/specimen_3/Specimen_3_109.tif,tif,4,20000,20000,,,https://brainportal.humanbrain.in/code/2dviewer/annotation/public?data=2&region=-1&section=109&type=hd
112,data2d/specimen_3/Specimen_3_112.tif,tif,4,20000,20000,,,https://brainportal.humanbrain.in/code/2dviewer/annotation/public?data=2&region=-1&section=112&type=hd
115,data2d/specimen_3/Specimen_3_115.tif,tif,4,20000,20000,,,https://brainportal.humanbrain.in/code/2dviewer/annotation/public?data=2&region=-1&section=115&type=hd
118,data2d/specimen_3/Specimen_3_118.tif,tif,4,20000,20000,,,https://brainportal.humanbrain.in/code/2dviewer/annotation/public?data=2&region=-1&section=118&type=hd
121,data2d/specimen_3/Specimen_3_121.tif,tif,4,20000,20000,,,https://brainportal.humanbrain.in/code/2dviewer/annotation/public?data=2&region=-1&section=121&type=hd
124,data2d/specimen_3/Specimen_3_124.tif,tif,4,20000,20000,,,https://brainportal.humanbrain.in/code/2dviewer/annotation/public?data=2&region=-1&section=124&type=hd
127,data2d/specimen_3/Specimen_3_127.tif,tif,4,20000,20000,,,https://brainportal.humanbrain.in/code/2dviewer/annotation/public?data=2&region=-1&section=127&type=hd
130,data2d/specimen_3/Specimen_3_130.tif,tif,4,20000,20000,,,https://brainportal.humanbrain.in/code/2dviewer/annotation/public?data=2&region=-1&section=130&type=hd
133,data2d/specimen_3/Specimen_3_133.tif,tif,4,20000,20000,,,https://brainportal.humanbrain.in/code/2dviewer/annotation/public?data=2&region=-1&section=133&type=hd
136,data2d/specimen_3/Specimen_3_136.tif,tif,4,20000,20000,,,https://brainportal.humanbrain.in/code/2dviewer/annotation/public?data=2&region=-1&section=136&type=hd
139,data2d/specimen_3/Specimen_3_139.tif,tif,4,20000,20000,,,https://brainportal.humanbrain.in/code/2dviewer/annotation/public?data=2&region=-1&section=139&type=hd
142,data2d/specimen_3/Specimen_3_142.tif,tif,4,20000,20000,,,https://brainportal.humanbrain.in/code/2dviewer/annotation/public?data=2&region=-1&section=142&type=hd
145,data2d/specimen_3/Specimen_3_145.tif,tif,4,20000,20000,,,https://brainportal.humanbrain.in/code/2dviewer/annotation/public?data=2&region=-1&section=145&type=hd
148,data2d/specimen_3/Specimen_3_148.tif,tif,4,20000,20000,,,https://brainportal.humanbrain.in/code/2dviewer/annotation/public?data=2&region=-1&section=148&type=hd
151,data2d/specimen_3/Specimen_3_151.tif,tif,4,20000,20000,,,https://brainportal.humanbrain.in/code/2dviewer/annotation/public?data=2&region=-1&section=151&type=hd
154,data2d/specimen_3/Specimen_3_154.tif,tif,4,20000,20000,,,https://brainportal.humanbrain.in/code/2dviewer/annotation/public?data=2&region=-1&section=154&type=hd
160,data2d/specimen_3/Specimen_3_160.tif,tif,4,20000,20000,,,https://brainportal.humanbrain.in/code/2dviewer/annotation/public?data=2&region=-1&section=160&type=hd
163,data2d/specimen_3/Specimen_3_163.tif,tif,4,20000,20000,,,https://brainportal.humanbrain.in/code/2dviewer/annotation/public?data=2&region=-1&section=163&type=hd
166,data2d/specimen_3/Specimen_3_166.tif,tif,4,20000,20000,,,https://brainportal.humanbrain.in/code/2dviewer/annotation/public?data=2&region=-1&section=166&type=hd
169,data2d/specimen_3/Specimen_3_169.tif,tif,4,20000,20000,,,https://brainportal.humanbrain.in/code/2dviewer/annotation/public?data=2&region=-1&section=169&type=hd
175,data2d/specimen_3/Specimen_3_175.tif,tif,4,20000,20000,,,https://brainportal.humanbrain.in/code/2dviewer/annotation/public?data=2&region=-1&section=175&type=hd
178,data2d/specimen_3/Specimen_3_178.tif,tif,1,80000,80000,https://dharani-fetal-brain-atlas.s3.us-west-2.amazonaws.com/data2d/specimen_3/Specimen_3_178.json,geojson,https://brainportal.humanbrain.in/code/2dviewer/annotation/public?data=2&region=-1&section=178
181,data2d/specimen_3/Specimen_3_181.tif,tif,4,20000,20000,,,https://brainportal.humanbrain.in/code/2dviewer/annotation/public?data=2&region=-1&section=181&type=hd
184,data2d/specimen_3/Specimen_3_184.tif,tif,4,20000,20000,,,https://brainportal.humanbrain.in/code/2dviewer/annotation/public?data=2&region=-1&section=184&type=hd
187,data2d/specimen_3/Specimen_3_187.tif,tif,4,20000,20000,,,https://brainportal.humanbrain.in/code/2dviewer/annotation/public?data=2&region=-1&section=187&type=hd
190,data2d/specimen_3/Specimen_3_190.tif,tif,4,20000,20000,,,https://brainportal.humanbrain.in/code/2dviewer/annotation/public?data=2&region=-1&section=190&type=hd
193,data2d/specimen_3/Specimen_3_193.tif,tif,4,20000,20000,,,https://brainportal.humanbrain.in/code/2dviewer/annotation/public?data=2&region=-1&section=193&type=hd
196,data2d/specimen_3/Specimen_3_196.tif,tif,4,20000,20000,,,https://brainportal.humanbrain.in/code/2dviewer/annotation/public?data=2&region=-1&section=196&type=hd
199,data2d/specimen_3/Specimen_3_199.tif,tif,4,20000,20000,,,https://brainportal.humanbrain.in/code/2dviewer/annotation/public?data=2&region=-1&section=199&type=hd
202,data2d/specimen_3/Specimen_3_202.tif,tif,4,20000,20000,,,https://brainportal.humanbrain.in/code/2dviewer/annotation/public?data=2&region=-1&section=202&type=hd
205,data2d/specimen_3/Specimen_3_205.tif,tif,4,20000,20000,,,https://brainportal.humanbrain.in/code/2dviewer/annotation/public?data=2&region=-1&section=205&type=hd
208,data2d/specimen_3/Specimen_3_208.tif,tif,4,20000,20000,,,https://brainportal.humanbrain.in/code/2dviewer/annotation/public?data=2&region=-1&section=208&type=hd
211,data2d/specimen_3/Specimen_3_211.tif,tif,4,20000,20000,,,https://brainportal.humanbrain.in/code/2dviewer/annotation/public?data=2&region=-1&section=211&type=hd
214,data2d/specimen_3/Specimen_3_214.tif,tif,4,20000,20000,,,https://brainportal.humanbrain.in/code/2dviewer/annotation/public?data=2&region=-1&section=214&type=hd
217,data2d/specimen_3/Specimen_3_217.tif,tif,4,20000,20000,,,https://brainportal.humanbrain.in/code/2dviewer/annotation/public?data=2&region=-1&section=217&type=hd
220,data2d/specimen_3/Specimen_3_220.tif,tif,4,20000,20000,,,https://brainportal.humanbrain.in/code/2dviewer/annotation/public?data=2&region=-1&section=220&type=hd
223,data2d/specimen_3/Specimen_3_223.tif,tif,4,20000,20000,,,https://brainportal.humanbrain.in/code/2dviewer/annotation/public?data=2&region=-1&section=223&type=hd
226,data2d/specimen_3/Specimen_3_226.tif,tif,4,20000,20000,,,https://brainportal.humanbrain.in/code/2dviewer/annotation/public?data=2&region=-1&section=226&type=hd
229,data2d/specimen_3/Specimen_3_229.tif,tif,4,20000,20000,,,https://brainportal.humanbrain.in/code/2dviewer/annotation/public?data=2&region=-1&section=229&type=hd
232,data2d/specimen_3/Specimen_3_232.tif,tif,4,20000,20000,,,https://brainportal.humanbrain.in/code/2dviewer/annotation/public?data=2&region=-1&section=232&type=hd
238,data2d/specimen_3/Specimen_3_238.tif,tif,4,20000,20000,,,https://brainportal.humanbrain.in/code/2dviewer/annotation/public?data=2&region=-1&section=238&type=hd
241,data2d/specimen_3/Specimen_3_241.tif,tif,4,20000,20000,,,https://brainportal.humanbrain.in/code/2dviewer/annotation/public?data=2&region=-1&section=241&type=hd
244,data2d/specimen_3/Specimen_3_244.tif,tif,4,20000,20000,,,https://brainportal.humanbrain.in/code/2dviewer/annotation/public?data=2&region=-1&section=244&type=hd
247,data2d/specimen_3/Specimen_3_247.tif,tif,4,20000,20000,,,https://brainportal.humanbrain.in/code/2dviewer/annotation/public?data=2&region=-1&section=247&type=hd
250,data2d/specimen_3/Specimen_3_250.tif,tif,4,20000,20000,,,https://brainportal.humanbrain.in/code/2dviewer/annotation/public?data=2&region=-1&section=250&type=hd
253,data2d/specimen_3/Specimen_3_253.tif,tif,4,20000,20000,,,https://brainportal.humanbrain.in/code/2dviewer/annotation/public?data=2&region=-1&section=253&type=hd
256,data2d/specimen_3/Specimen_3_256.tif,tif,4,20000,20000,,,https://brainportal.humanbrain.in/code/2dviewer/annotation/public?data=2&region=-1&section=256&type=hd
259,data2d/specimen_3/Specimen_3_259.tif,tif,1,80000,80000,https://dharani-fetal-brain-atlas.s3.us-west-2.amazonaws.com/data2d/specimen_3/Specimen_3_259.json,geojson,https://brainportal.humanbrain.in/code/2dviewer/annotation/public?data=2&region=-1&section=259
262,data2d/specimen_3/Specimen_3_262.tif,tif,4,20000,20000,,,https://brainportal.humanbrain.in/code/2dviewer/annotation/public?data=2&region=-1&section=262&type=hd
265,data2d/specimen_3/Specimen_3_265.tif,tif,4,20000,20000,,,https://brainportal.humanbrain.in/code/2dviewer/annotation/public?data=2&region=-1&section=265&type=hd
268,data2d/specimen_3/Specimen_3_268.tif,tif,4,20000,20000,,,https://brainportal.humanbrain.in/code/2dviewer/annotation/public?data=2&region=-1&section=268&type=hd
271,data2d/specimen_3/Specimen_3_271.tif,tif,4,20000,20000,,,https://brainportal.humanbrain.in/code/2dviewer/annotation/public?data=2&region=-1&section=271&type=hd
274,data2d/specimen_3/Specimen_3_274.tif,tif,4,20000,20000,,,https://brainportal.humanbrain.in/code/2dviewer/annotation/public?data=2&region=-1&section=274&type=hd
277,data2d/specimen_3/Specimen_3_277.tif,tif,4,20000,20000,,,https://brainportal.humanbrain.in/code/2dviewer/annotation/public?data=2&region=-1&section=277&type=hd
280,data2d/specimen_3/Specimen_3_280.tif,tif,4,20000,20000,,,https://brainportal.humanbrain.in/code/2dviewer/annotation/public?data=2&region=-1&section=280&type=hd
283,data2d/specimen_3/Specimen_3_283.tif,tif,4,20000,20000,,,https://brainportal.humanbrain.in/code/2dviewer/annotation/public?data=2&region=-1&section=283&type=hd
286,data2d/specimen_3/Specimen_3_286.tif,tif,4,20000,20000,,,https://brainportal.humanbrain.in/code/2dviewer/annotation/public?data=2&region=-1&section=286&type=hd
289,data2d/specimen_3/Specimen_3_289.tif,tif,4,20000,20000,,,https://brainportal.humanbrain.in/code/2dviewer/annotation/public?data=2&region=-1&section=289&type=hd
292,data2d/specimen_3/Specimen_3_292.tif,tif,4,20000,20000,,,https://brainportal.humanbrain.in/code/2dviewer/annotation/public?data=2&region=-1&section=292&type=hd
295,data2d/specimen_3/Specimen_3_295.tif,tif,4,20000,20000,,,https://brainportal.humanbrain.in/code/2dviewer/annotation/public?data=2&region=-1&section=295&type=hd
298,data2d/specimen_3/Specimen_3_298.tif,tif,4,20000,20000,,,https://brainportal.humanbrain.in/code/2dviewer/annotation/public?data=2&region=-1&section=298&type=hd
301,data2d/specimen_3/Specimen_3_301.tif,tif,4,20000,20000,,,https://brainportal.humanbrain.in/code/2dviewer/annotation/public?data=2&region=-1&section=301&type=hd
304,data2d/specimen_3/Specimen_3_304.tif,tif,4,20000,20000,,,https://brainportal.humanbrain.in/code/2dviewer/annotation/public?data=2&region=-1&section=304&type=hd
307,data2d/specimen_3/Specimen_3_307.tif,tif,4,20000,20000,,,https://brainportal.humanbrain.in/code/2dviewer/annotation/public?data=2&region=-1&section=307&type=hd
310,data2d/specimen_3/Specimen_3_310.tif,tif,4,20000,20000,,,https://brainportal.humanbrain.in/code/2dviewer/annotation/public?data=2&region=-1&section=310&type=hd
316,data2d/specimen_3/Specimen_3_316.tif,tif,4,20000,20000,,,https://brainportal.humanbrain.in/code/2dviewer/annotation/public?data=2&region=-1&section=316&type=hd
319,data2d/specimen_3/Specimen_3_319.tif,tif,4,20000,20000,,,https://brainportal.humanbrain.in/code/2dviewer/annotation/public?data=2&region=-1&section=319&type=hd
322,data2d/specimen_3/Specimen_3_322.tif,tif,4,20000,20000,,,https://brainportal.humanbrain.in/code/2dviewer/annotation/public?data=2&region=-1&section=322&type=hd
325,data2d/specimen_3/Specimen_3_325.tif,tif,4,20000,20000,,,https://brainportal.humanbrain.in/code/2dviewer/annotation/public?data=2&region=-1&section=325&type=hd
328,data2d/specimen_3/Specimen_3_328.tif,tif,4,20000,20000,,,https://brainportal.humanbrain.in/code/2dviewer/annotation/public?data=2&region=-1&section=328&type=hd
331,data2d/specimen_3/Specimen_3_331.tif,tif,1,80000,80000,https://dharani-fetal-brain-atlas.s3.us-west-2.amazonaws.com/data2d/specimen_3/Specimen_3_331.json,geojson,https://brainportal.humanbrain.in/code/2dviewer/annotation/public?data=2&region=-1&section=331
334,data2d/specimen_3/Specimen_3_334.tif,tif,4,20000,20000,,,https://brainportal.humanbrain.in/code/2dviewer/annotation/public?data=2&region=-1&section=334&type=hd
337,data2d/specimen_3/Specimen_3_337.tif,tif,4,20000,20000,,,https://brainportal.humanbrain.in/code/2dviewer/annotation/public?data=2&region=-1&section=337&type=hd
340,data2d/specimen_3/Specimen_3_340.tif,tif,4,20000,20000,,,https://brainportal.humanbrain.in/code/2dviewer/annotation/public?data=2&region=-1&section=340&type=hd
343,data2d/specimen_3/Specimen_3_343.tif,tif,4,20000,20000,,,https://brainportal.humanbrain.in/code/2dviewer/annotation/public?data=2&region=-1&section=343&type=hd
346,data2d/specimen_3/Specimen_3_346.tif,tif,4,20000,20000,,,https://brainportal.humanbrain.in/code/2dviewer/annotation/public?data=2&region=-1&section=346&type=hd
349,data2d/specimen_3/Specimen_3_349.tif,tif,4,20000,20000,,,https://brainportal.humanbrain.in/code/2dviewer/annotation/public?data=2&region=-1&section=349&type=hd
352,data2d/specimen_3/Specimen_3_352.tif,tif,4,20000,20000,,,https://brainportal.humanbrain.in/code/2dviewer/annotation/public?data=2&region=-1&section=352&type=hd
355,data2d/specimen_3/Specimen_3_355.tif,tif,4,20000,20000,,,https://brainportal.humanbrain.in/code/2dviewer/annotation/public?data=2&region=-1&section=355&type=hd
361,data2d/specimen_3/Specimen_3_361.tif,tif,4,20000,20000,,,https://brainportal.humanbrain.in/code/2dviewer/annotation/public?data=2&region=-1&section=361&type=hd
364,data2d/specimen_3/Specimen_3_364.tif,tif,4,20000,20000,,,https://brainportal.humanbrain.in/code/2dviewer/annotation/public?data=2&region=-1&section=364&type=hd
367,data2d/specimen_3/Specimen_3_367.tif,tif,4,20000,20000,,,https://brainportal.humanbrain.in/code/2dviewer/annotation/public?data=2&region=-1&section=367&type=hd
373,data2d/specimen_3/Specimen_3_373.tif,tif,4,20000,20000,,,https://brainportal.humanbrain.in/code/2dviewer/annotation/public?data=2&region=-1&section=373&type=hd
376,data2d/specimen_3/Specimen_3_376.tif,tif,4,20000,20000,,,https://brainportal.humanbrain.in/code/2dviewer/annotation/public?data=2&region=-1&section=376&type=hd
379,data2d/specimen_3/Specimen_3_379.tif,tif,4,20000,20000,,,https://brainportal.humanbrain.in/code/2dviewer/annotation/public?data=2&region=-1&section=379&type=hd
382,data2d/specimen_3/Specimen_3_382.tif,tif,4,20000,20000,,,https://brainportal.humanbrain.in/code/2dviewer/annotation/public?data=2&region=-1&section=382&type=hd
388,data2d/specimen_3/Specimen_3_388.tif,tif,4,20000,20000,,,https://brainportal.humanbrain.in/code/2dviewer/annotation/public?data=2&region=-1&section=388&type=hd
391,data2d/specimen_3/Specimen_3_391.tif,tif,4,20000,20000,,,https://brainportal.humanbrain.in/code/2dviewer/annotation/public?data=2&region=-1&section=391&type=hd
394,data2d/specimen_3/Specimen_3_394.tif,tif,4,20000,20000,,,https://brainportal.humanbrain.in/code/2dviewer/annotation/public?data=2&region=-1&section=394&type=hd
400,data2d/specimen_3/Specimen_3_400.tif,tif,4,20000,20000,,,https://brainportal.humanbrain.in/code/2dviewer/annotation/public?data=2&region=-1&section=400&type=hd
403,data2d/specimen_3/Specimen_3_403.tif,tif,4,20000,20000,,,https://brainportal.humanbrain.in/code/2dviewer/annotation/public?data=2&region=-1&section=403&type=hd
406,data2d/specimen_3/Specimen_3_406.tif,tif,4,20000,20000,,,https://brainportal.humanbrain.in/code/2dviewer/annotation/public?data=2&region=-1&section=406&type=hd
409,data2d/specimen_3/Specimen_3_409.tif,tif,4,20000,20000,,,https://brainportal.humanbrain.in/code/2dviewer/annotation/public?data=2&region=-1&section=409&type=hd
412,data2d/specimen_3/Specimen_3_412.tif,tif,4,20000,20000,,,https://brainportal.humanbrain.in/code/2dviewer/annotation/public?data=2&region=-1&section=412&type=hd
415,data2d/specimen_3/Specimen_3_415.tif,tif,4,20000,20000,,,https://brainportal.humanbrain.in/code/2dviewer/annotation/public?data=2&region=-1&section=415&type=hd
418,data2d/specimen_3/Specimen_3_418.tif,tif,4,20000,20000,,,https://brainportal.humanbrain.in/code/2dviewer/annotation/public?data=2&region=-1&section=418&type=hd
421,data2d/specimen_3/Specimen_3_421.tif,tif,4,20000,20000,,,https://brainportal.humanbrain.in/code/2dviewer/annotation/public?data=2&region=-1&section=421&type=hd
424,data2d/specimen_3/Specimen_3_424.tif,tif,4,20000,20000,,,https://brainportal.humanbrain.in/code/2dviewer/annotation/public?data=2&region=-1&section=424&type=hd
427,data2d/specimen_3/Specimen_3_427.tif,tif,4,20000,20000,,,https://brainportal.humanbrain.in/code/2dviewer/annotation/public?data=2&region=-1&section=427&type=hd
430,data2d/specimen_3/Specimen_3_430.tif,tif,4,20000,20000,,,https://brainportal.humanbrain.in/code/2dviewer/annotation/public?data=2&region=-1&section=430&type=hd
433,data2d/specimen_3/Specimen_3_433.tif,tif,4,20000,20000,,,https://brainportal.humanbrain.in/code/2dviewer/annotation/public?data=2&region=-1&section=433&type=hd
436,data2d/specimen_3/Specimen_3_436.tif,tif,4,20000,20000,,,https://brainportal.humanbrain.in/code/2dviewer/annotation/public?data=2&region=-1&section=436&type=hd
439,data2d/specimen_3/Specimen_3_439.tif,tif,4,20000,20000,,,https://brainportal.humanbrain.in/code/2dviewer/annotation/public?data=2&region=-1&section=439&type=hd
442,data2d/specimen_3/Specimen_3_442.tif,tif,4,20000,20000,,,https://brainportal.humanbrain.in/code/2dviewer/annotation/public?data=2&region=-1&section=442&type=hd
445,data2d/specimen_3/Specimen_3_445.tif,tif,1,80000,80000,https://dharani-fetal-brain-atlas.s3.us-west-2.amazonaws.com/data2d/specimen_3/Specimen_3_445.json,geojson,https://brainportal.humanbrain.in/code/2dviewer/annotation/public?data=2&region=-1&section=445
448,data2d/specimen_3/Specimen_3_448.tif,tif,4,20000,20000,,,https://brainportal.humanbrain.in/code/2dviewer/annotation/public?data=2&region=-1&section=448&type=hd
451,data2d/specimen_3/Specimen_3_451.tif,tif,4,20000,20000,,,https://brainportal.humanbrain.in/code/2dviewer/annotation/public?data=2&region=-1&section=451&type=hd
454,data2d/specimen_3/Specimen_3_454.tif,tif,1,80000,80000,https://dharani-fetal-brain-atlas.s3.us-west-2.amazonaws.com/data2d/specimen_3/Specimen_3_454.json,geojson,https://brainportal.humanbrain.in/code/2dviewer/annotation/public?data=2&region=-1&section=454
457,data2d/specimen_3/Specimen_3_457.tif,tif,4,20000,20000,,,https://brainportal.humanbrain.in/code/2dviewer/annotation/public?data=2&region=-1&section=457&type=hd
460,data2d/specimen_3/Specimen_3_460.tif,tif,4,20000,20000,,,https://brainportal.humanbrain.in/code/2dviewer/annotation/public?data=2&region=-1&section=460&type=hd
463,data2d/specimen_3/Specimen_3_463.tif,tif,4,20000,20000,,,https://brainportal.humanbrain.in/code/2dviewer/annotation/public?data=2&region=-1&section=463&type=hd
466,data2d/specimen_3/Specimen_3_466.tif,tif,4,20000,20000,,,https://brainportal.humanbrain.in/code/2dviewer/annotation/public?data=2&region=-1&section=466&type=hd
469,data2d/specimen_3/Specimen_3_469.tif,tif,1,80000,80000,https://dharani-fetal-brain-atlas.s3.us-west-2.amazonaws.com/data2d/specimen_3/Specimen_3_469.json,geojson,https://brainportal.humanbrain.in/code/2dviewer/annotation/public?data=2&region=-1&section=469
472,data2d/specimen_3/Specimen_3_472.tif,tif,4,20000,20000,,,https://brainportal.humanbrain.in/code/2dviewer/annotation/public?data=2&region=-1&section=472&type=hd
475,data2d/specimen_3/Specimen_3_475.tif,tif,4,20000,20000,,,https://brainportal.humanbrain.in/code/2dviewer/annotation/public?data=2&region=-1&section=475&type=hd
478,data2d/specimen_3/Specimen_3_478.tif,tif,4,20000,20000,,,https://brainportal.humanbrain.in/code/2dviewer/annotation/public?data=2&region=-1&section=478&type=hd
481,data2d/specimen_3/Specimen_3_481.tif,tif,4,20000,20000,,,https://brainportal.humanbrain.in/code/2dviewer/annotation/public?data=2&region=-1&section=481&type=hd
484,data2d/specimen_3/Specimen_3_484.tif,tif,1,80000,80000,https://dharani-fetal-brain-atlas.s3.us-west-2.amazonaws.com/data2d/specimen_3/Specimen_3_484.json,geojson,https://brainportal.humanbrain.in/code/2dviewer/annotation/public?data=2&region=-1&section=484
487,data2d/specimen_3/Specimen_3_487.tif,tif,4,20000,20000,,,https://brainportal.humanbrain.in/code/2dviewer/annotation/public?data=2&region=-1&section=487&type=hd
490,data2d/specimen_3/Specimen_3_490.tif,tif,4,20000,20000,,,https://brainportal.humanbrain.in/code/2dviewer/annotation/public?data=2&region=-1&section=490&type=hd
493,data2d/specimen_3/Specimen_3_493.tif,tif,4,20000,20000,,,https://brainportal.humanbrain.in/code/2dviewer/annotation/public?data=2&region=-1&section=493&type=hd
499,data2d/specimen_3/Specimen_3_499.tif,tif,4,20000,20000,,,https://brainportal.humanbrain.in/code/2dviewer/annotation/public?data=2&region=-1&section=499&type=hd
502,data2d/specimen_3/Specimen_3_502.tif,tif,1,80000,80000,https://dharani-fetal-brain-atlas.s3.us-west-2.amazonaws.com/data2d/specimen_3/Specimen_3_502.json,geojson,https://brainportal.humanbrain.in/code/2dviewer/annotation/public?data=2&region=-1&section=502
505,data2d/specimen_3/Specimen_3_505.tif,tif,4,20000,20000,,,https://brainportal.humanbrain.in/code/2dviewer/annotation/public?data=2&region=-1&section=505&type=hd
508,data2d/specimen_3/Specimen_3_508.tif,tif,4,20000,20000,,,https://brainportal.humanbrain.in/code/2dviewer/annotation/public?data=2&region=-1&section=508&type=hd
511,data2d/specimen_3/Specimen_3_511.tif,tif,4,20000,20000,,,https://brainportal.humanbrain.in/code/2dviewer/annotation/public?data=2&region=-1&section=511&type=hd
514,data2d/specimen_3/Specimen_3_514.tif,tif,4,20000,20000,,,https://brainportal.humanbrain.in/code/2dviewer/annotation/public?data=2&region=-1&section=514&type=hd
517,data2d/specimen_3/Specimen_3_517.tif,tif,4,20000,20000,,,https://brainportal.humanbrain.in/code/2dviewer/annotation/public?data=2&region=-1&section=517&type=hd
520,data2d/specimen_3/Specimen_3_520.tif,tif,1,80000,80000,https://dharani-fetal-brain-atlas.s3.us-west-2.amazonaws.com/data2d/specimen_3/Specimen_3_520.json,geojson,https://brainportal.humanbrain.in/code/2dviewer/annotation/public?data=2&region=-1&section=520
526,data2d/specimen_3/Specimen_3_526.tif,tif,4,20000,20000,,,https://brainportal.humanbrain.in/code/2dviewer/annotation/public?data=2&region=-1&section=526&type=hd
529,data2d/specimen_3/Specimen_3_529.tif,tif,4,20000,20000,,,https://brainportal.humanbrain.in/code/2dviewer/annotation/public?data=2&region=-1&section=529&type=hd
532,data2d/specimen_3/Specimen_3_532.tif,tif,1,80000,80000,https://dharani-fetal-brain-atlas.s3.us-west-2.amazonaws.com/data2d/specimen_3/Specimen_3_532.json,geojson,https://brainportal.humanbrain.in/code/2dviewer/annotation/public?data=2&region=-1&section=532
535,data2d/specimen_3/Specimen_3_535.tif,tif,4,20000,20000,,,https://brainportal.humanbrain.in/code/2dviewer/annotation/public?data=2&region=-1&section=535&type=hd
538,data2d/specimen_3/Specimen_3_538.tif,tif,4,20000,20000,,,https://brainportal.humanbrain.in/code/2dviewer/annotation/public?data=2&region=-1&section=538&type=hd
541,data2d/specimen_3/Specimen_3_541.tif,tif,1,80000,80000,https://dharani-fetal-brain-atlas.s3.us-west-2.amazonaws.com/data2d/specimen_3/Specimen_3_541.json,geojson,https://brainportal.humanbrain.in/code/2dviewer/annotation/public?data=2&region=-1&section=541
547,data2d/specimen_3/Specimen_3_547.tif,tif,4,20000,20000,,,https://brainportal.humanbrain.in/code/2dviewer/annotation/public?data=2&region=-1&section=547&type=hd
550,data2d/specimen_3/Specimen_3_550.tif,tif,1,80000,80000,https://dharani-fetal-brain-atlas.s3.us-west-2.amazonaws.com/data2d/specimen_3/Specimen_3_550.json,geojson,https://brainportal.humanbrain.in/code/2dviewer/annotation/public?data=2&region=-1&section=550
553,data2d/specimen_3/Specimen_3_553.tif,tif,4,20000,20000,,,https://brainportal.humanbrain.in/code/2dviewer/annotation/public?data=2&region=-1&section=553&type=hd
556,data2d/specimen_3/Specimen_3_556.tif,tif,4,20000,20000,,,https://brainportal.humanbrain.in/code/2dviewer/annotation/public?data=2&region=-1&section=556&type=hd
559,data2d/specimen_3/Specimen_3_559.tif,tif,4,20000,20000,,,https://brainportal.humanbrain.in/code/2dviewer/annotation/public?data=2&region=-1&section=559&type=hd
562,data2d/specimen_3/Specimen_3_562.tif,tif,4,20000,20000,,,https://brainportal.humanbrain.in/code/2dviewer/annotation/public?data=2&region=-1&section=562&type=hd
565,data2d/specimen_3/Specimen_3_565.tif,tif,4,20000,20000,,,https://brainportal.humanbrain.in/code/2dviewer/annotation/public?data=2&region=-1&section=565&type=hd
568,data2d/specimen_3/Specimen_3_568.tif,tif,4,20000,20000,,,https://brainportal.humanbrain.in/code/2dviewer/annotation/public?data=2&region=-1&section=568&type=hd
571,data2d/specimen_3/Specimen_3_571.tif,tif,4,20000,20000,,,https://brainportal.humanbrain.in/code/2dviewer/annotation/public?data=2&region=-1&section=571&type=hd
574,data2d/specimen_3/Specimen_3_574.tif,tif,4,20000,20000,,,https://brainportal.humanbrain.in/code/2dviewer/annotation/public?data=2&region=-1&section=574&type=hd
577,data2d/specimen_3/Specimen_3_577.tif,tif,4,20000,20000,,,https://brainportal.humanbrain.in/code/2dviewer/annotation/public?data=2&region=-1&section=577&type=hd
580,data2d/specimen_3/Specimen_3_580.tif,tif,1,80000,80000,https://dharani-fetal-brain-atlas.s3.us-west-2.amazonaws.com/data2d/specimen_3/Specimen_3_580.json,geojson,https://brainportal.humanbrain.in/code/2dviewer/annotation/public?data=2&region=-1&section=580
583,data2d/specimen_3/Specimen_3_583.tif,tif,4,20000,20000,,,https://brainportal.humanbrain.in/code/2dviewer/annotation/public?data=2&region=-1&section=583&type=hd
586,data2d/specimen_3/Specimen_3_586.tif,tif,4,20000,20000,,,https://brainportal.humanbrain.in/code/2dviewer/annotation/public?data=2&region=-1&section=586&type=hd
589,data2d/specimen_3/Specimen_3_589.tif,tif,4,20000,20000,,,https://brainportal.humanbrain.in/code/2dviewer/annotation/public?data=2&region=-1&section=589&type=hd
592,data2d/specimen_3/Specimen_3_592.tif,tif,4,20000,20000,,,https://brainportal.humanbrain.in/code/2dviewer/annotation/public?data=2&region=-1&section=592&type=hd
595,data2d/specimen_3/Specimen_3_595.tif,tif,4,20000,20000,,,https://brainportal.humanbrain.in/code/2dviewer/annotation/public?data=2&region=-1&section=595&type=hd
598,data2d/specimen_3/Specimen_3_598.tif,tif,4,20000,20000,,,https://brainportal.humanbrain.in/code/2dviewer/annotation/public?data=2&region=-1&section=598&type=hd
601,data2d/specimen_3/Specimen_3_601.tif,tif,4,20000,20000,,,https://brainportal.humanbrain.in/code/2dviewer/annotation/public?data=2&region=-1&section=601&type=hd
604,data2d/specimen_3/Specimen_3_604.tif,tif,1,80000,80000,https://dharani-fetal-brain-atlas.s3.us-west-2.amazonaws.com/data2d/specimen_3/Specimen_3_604.json,geojson,https://brainportal.humanbrain.in/code/2dviewer/annotation/public?data=2&region=-1&section=604
613,data2d/specimen_3/Specimen_3_613.tif,tif,1,80000,80000,https://dharani-fetal-brain-atlas.s3.us-west-2.amazonaws.com/data2d/specimen_3/Specimen_3_613.json,geojson,https://brainportal.humanbrain.in/code/2dviewer/annotation/public?data=2&region=-1&section=613
616,data2d/specimen_3/Specimen_3_616.tif,tif,4,20000,20000,,,https://brainportal.humanbrain.in/code/2dviewer/annotation/public?data=2&region=-1&section=616&type=hd
625,data2d/specimen_3/Specimen_3_625.tif,tif,1,80000,80000,https://dharani-fetal-brain-atlas.s3.us-west-2.amazonaws.com/data2d/specimen_3/Specimen_3_625.json,geojson,https://brainportal.humanbrain.in/code/2dviewer/annotation/public?data=2&region=-1&section=625
628,data2d/specimen_3/Specimen_3_628.tif,tif,4,20000,20000,,,https://brainportal.humanbrain.in/code/2dviewer/annotation/public?data=2&region=-1&section=628&type=hd
631,data2d/specimen_3/Specimen_3_631.tif,tif,4,20000,20000,,,https://brainportal.humanbrain.in/code/2dviewer/annotation/public?data=2&region=-1&section=631&type=hd
637,data2d/specimen_3/Specimen_3_637.tif,tif,4,20000,20000,,,https://brainportal.humanbrain.in/code/2dviewer/annotation/public?data=2&region=-1&section=637&type=hd
640,data2d/specimen_3/Specimen_3_640.tif,tif,4,20000,20000,,,https://brainportal.humanbrain.in/code/2dviewer/annotation/public?data=2&region=-1&section=640&type=hd
646,data2d/specimen_3/Specimen_3_646.tif,tif,4,20000,20000,,,https://brainportal.humanbrain.in/code/2dviewer/annotation/public?data=2&region=-1&section=646&type=hd
655,data2d/specimen_3/Specimen_3_655.tif,tif,4,20000,20000,,,https://brainportal.humanbrain.in/code/2dviewer/annotation/public?data=2&region=-1&section=655&type=hd
658,data2d/specimen_3/Specimen_3_658.tif,tif,4,20000,20000,,,https://brainportal.humanbrain.in/code/2dviewer/annotation/public?data=2&region=-1&section=658&type=hd
661,data2d/specimen_3/Specimen_3_661.tif,tif,4,20000,20000,,,https://brainportal.humanbrain.in/code/2dviewer/annotation/public?data=2&region=-1&section=661&type=hd
664,data2d/specimen_3/Specimen_3_664.tif,tif,1,80000,80000,https://dharani-fetal-brain-atlas.s3.us-west-2.amazonaws.com/data2d/specimen_3/Specimen_3_664.json,geojson,https://brainportal.humanbrain.in/code/2dviewer/annotation/public?data=2&region=-1&section=664
667,data2d/specimen_3/Specimen_3_667.tif,tif,4,20000,20000,,,https://brainportal.humanbrain.in/code/2dviewer/annotation/public?data=2&region=-1&section=667&type=hd
670,data2d/specimen_3/Specimen_3_670.tif,tif,4,20000,20000,,,https://brainportal.humanbrain.in/code/2dviewer/annotation/public?data=2&region=-1&section=670&type=hd
673,data2d/specimen_3/Specimen_3_673.tif,tif,4,20000,20000,,,https://brainportal.humanbrain.in/code/2dviewer/annotation/public?data=2&region=-1&section=673&type=hd
676,data2d/specimen_3/Specimen_3_676.tif,tif,4,20000,20000,,,https://brainportal.humanbrain.in/code/2dviewer/annotation/public?data=2&region=-1&section=676&type=hd
679,data2d/specimen_3/Specimen_3_679.tif,tif,4,20000,20000,,,https://brainportal.humanbrain.in/code/2dviewer/annotation/public?data=2&region=-1&section=679&type=hd
682,data2d/specimen_3/Specimen_3_682.tif,tif,4,20000,20000,,,https://brainportal.humanbrain.in/code/2dviewer/annotation/public?data=2&region=-1&section=682&type=hd
685,data2d/specimen_3/Specimen_3_685.tif,tif,4,20000,20000,,,https://brainportal.humanbrain.in/code/2dviewer/annotation/public?data=2&region=-1&section=685&type=hd
688,data2d/specimen_3/Specimen_3_688.tif,tif,4,20000,20000,,,https://brainportal.humanbrain.in/code/2dviewer/annotation/public?data=2&region=-1&section=688&type=hd
691,data2d/specimen_3/Specimen_3_691.tif,tif,4,20000,20000,,,https://brainportal.humanbrain.in/code/2dviewer/annotation/public?data=2&region=-1&section=691&type=hd
694,data2d/specimen_3/Specimen_3_694.tif,tif,4,20000,20000,,,https://brainportal.humanbrain.in/code/2dviewer/annotation/public?data=2&region=-1&section=694&type=hd
697,data2d/specimen_3/Specimen_3_697.tif,tif,1,80000,80000,https://dharani-fetal-brain-atlas.s3.us-west-2.amazonaws.com/data2d/specimen_3/Specimen_3_697.json,geojson,https://brainportal.humanbrain.in/code/2dviewer/annotation/public?data=2&region=-1&section=697
700,data2d/specimen_3/Specimen_3_700.tif,tif,4,20000,20000,,,https://brainportal.humanbrain.in/code/2dviewer/annotation/public?data=2&region=-1&section=700&type=hd
703,data2d/specimen_3/Specimen_3_703.tif,tif,4,20000,20000,,,https://brainportal.humanbrain.in/code/2dviewer/annotation/public?data=2&region=-1&section=703&type=hd
706,data2d/specimen_3/Specimen_3_706.tif,tif,4,20000,20000,,,https://brainportal.humanbrain.in/code/2dviewer/annotation/public?data=2&region=-1&section=706&type=hd
709,data2d/specimen_3/Specimen_3_709.tif,tif,4,20000,20000,,,https://brainportal.humanbrain.in/code/2dviewer/annotation/public?data=2&region=-1&section=709&type=hd
712,data2d/specimen_3/Specimen_3_712.tif,tif,4,20000,20000,,,https://brainportal.humanbrain.in/code/2dviewer/annotation/public?data=2&region=-1&section=712&type=hd
715,data2d/specimen_3/Specimen_3_715.tif,tif,4,20000,20000,,,https://brainportal.humanbrain.in/code/2dviewer/annotation/public?data=2&region=-1&section=715&type=hd
718,data2d/specimen_3/Specimen_3_718.tif,tif,4,20000,20000,,,https://brainportal.humanbrain.in/code/2dviewer/annotation/public?data=2&region=-1&section=718&type=hd
721,data2d/specimen_3/Specimen_3_721.tif,tif,1,80000,80000,https://dharani-fetal-brain-atlas.s3.us-west-2.amazonaws.com/data2d/specimen_3/Specimen_3_721.json,geojson,https://brainportal.humanbrain.in/code/2dviewer/annotation/public?data=2&region=-1&section=721
724,data2d/specimen_3/Specimen_3_724.tif,tif,4,20000,20000,,,https://brainportal.humanbrain.in/code/2dviewer/annotation/public?data=2&region=-1&section=724&type=hd
727,data2d/specimen_3/Specimen_3_727.tif,tif,4,20000,20000,,,https://brainportal.humanbrain.in/code/2dviewer/annotation/public?data=2&region=-1&section=727&type=hd
730,data2d/specimen_3/Specimen_3_730.tif,tif,4,20000,20000,,,https://brainportal.humanbrain.in/code/2dviewer/annotation/public?data=2&region=-1&section=730&type=hd
733,data2d/specimen_3/Specimen_3_733.tif,tif,1,80000,80000,https://dharani-fetal-brain-atlas.s3.us-west-2.amazonaws.com/data2d/specimen_3/Specimen_3_733.json,geojson,https://brainportal.humanbrain.in/code/2dviewer/annotation/public?data=2&region=-1&section=733
736,data2d/specimen_3/Specimen_3_736.tif,tif,4,20000,20000,,,https://brainportal.humanbrain.in/code/2dviewer/annotation/public?data=2&region=-1&section=736&type=hd
739,data2d/specimen_3/Specimen_3_739.tif,tif,4,20000,20000,,,https://brainportal.humanbrain.in/code/2dviewer/annotation/public?data=2&region=-1&section=739&type=hd
742,data2d/specimen_3/Specimen_3_742.tif,tif,4,20000,20000,,,https://brainportal.humanbrain.in/code/2dviewer/annotation/public?data=2&region=-1&section=742&type=hd
745,data2d/specimen_3/Specimen_3_745.tif,tif,4,20000,20000,,,https://brainportal.humanbrain.in/code/2dviewer/annotation/public?data=2&region=-1&section=745&type=hd
748,data2d/specimen_3/Specimen_3_748.tif,tif,4,20000,20000,,,https://brainportal.humanbrain.in/code/2dviewer/annotation/public?data=2&region=-1&section=748&type=hd
751,data2d/specimen_3/Specimen_3_751.tif,tif,1,80000,80000,https://dharani-fetal-brain-atlas.s3.us-west-2.amazonaws.com/data2d/specimen_3/Specimen_3_751.json,geojson,https://brainportal.humanbrain.in/code/2dviewer/annotation/public?data=2&region=-1&section=751
757,data2d/specimen_3/Specimen_3_757.tif,tif,4,20000,20000,,,https://brainportal.humanbrain.in/code/2dviewer/annotation/public?data=2&region=-1&section=757&type=hd
760,data2d/specimen_3/Specimen_3_760.tif,tif,4,20000,20000,,,https://brainportal.humanbrain.in/code/2dviewer/annotation/public?data=2&region=-1&section=760&type=hd
763,data2d/specimen_3/Specimen_3_763.tif,tif,4,20000,20000,,,https://brainportal.humanbrain.in/code/2dviewer/annotation/public?data=2&region=-1&section=763&type=hd
769,data2d/specimen_3/Specimen_3_769.tif,tif,4,20000,20000,,,https://brainportal.humanbrain.in/code/2dviewer/annotation/public?data=2&region=-1&section=769&type=hd
772,data2d/specimen_3/Specimen_3_772.tif,tif,4,20000,20000,,,https://brainportal.humanbrain.in/code/2dviewer/annotation/public?data=2&region=-1&section=772&type=hd
775,data2d/specimen_3/Specimen_3_775.tif,tif,4,20000,20000,,,https://brainportal.humanbrain.in/code/2dviewer/annotation/public?data=2&region=-1&section=775&type=hd
778,data2d/specimen_3/Specimen_3_778.tif,tif,1,80000,80000,https://dharani-fetal-brain-atlas.s3.us-west-2.amazonaws.com/data2d/specimen_3/Specimen_3_778.json,geojson,https://brainportal.humanbrain.in/code/2dviewer/annotation/public?data=2&region=-1&section=778
781,data2d/specimen_3/Specimen_3_781.tif,tif,4,20000,20000,,,https://brainportal.humanbrain.in/code/2dviewer/annotation/public?data=2&region=-1&section=781&type=hd
784,data2d/specimen_3/Specimen_3_784.tif,tif,4,20000,20000,,,https://brainportal.humanbrain.in/code/2dviewer/annotation/public?data=2&region=-1&section=784&type=hd
787,data2d/specimen_3/Specimen_3_787.tif,tif,4,20000,20000,,,https://brainportal.humanbrain.in/code/2dviewer/annotation/public?data=2&region=-1&section=787&type=hd
790,data2d/specimen_3/Specimen_3_790.tif,tif,1,80000,80000,https://dharani-fetal-brain-atlas.s3.us-west-2.amazonaws.com/data2d/specimen_3/Specimen_3_790.json,geojson,https://brainportal.humanbrain.in/code/2dviewer/annotation/public?data=2&region=-1&section=790
793,data2d/specimen_3/Specimen_3_793.tif,tif,4,20000,20000,,,https://brainportal.humanbrain.in/code/2dviewer/annotation/public?data=2&region=-1&section=793&type=hd
796,data2d/specimen_3/Specimen_3_796.tif,tif,4,20000,20000,,,https://brainportal.humanbrain.in/code/2dviewer/annotation/public?data=2&region=-1&section=796&type=hd
799,data2d/specimen_3/Specimen_3_799.tif,tif,4,20000,20000,,,https://brainportal.humanbrain.in/code/2dviewer/annotation/public?data=2&region=-1&section=799&type=hd
802,data2d/specimen_3/Specimen_3_802.tif,tif,1,80000,80000,https://dharani-fetal-brain-atlas.s3.us-west-2.amazonaws.com/data2d/specimen_3/Specimen_3_802.json,geojson,https://brainportal.humanbrain.in/code/2dviewer/annotation/public?data=2&region=-1&section=802
820,data2d/specimen_3/Specimen_3_820.tif,tif,4,20000,20000,,,https://brainportal.humanbrain.in/code/2dviewer/annotation/public?data=2&region=-1&section=820&type=hd
823,data2d/specimen_3/Specimen_3_823.tif,tif,4,20000,20000,,,https://brainportal.humanbrain.in/code/2dviewer/annotation/public?data=2&region=-1&section=823&type=hd
832,data2d/specimen_3/Specimen_3_832.tif,tif,4,20000,20000,,,https://brainportal.humanbrain.in/code/2dviewer/annotation/public?data=2&region=-1&section=832&type=hd
835,data2d/specimen_3/Specimen_3_835.tif,tif,1,80000,80000,https://dharani-fetal-brain-atlas.s3.us-west-2.amazonaws.com/data2d/specimen_3/Specimen_3_835.json,geojson,https://brainportal.humanbrain.in/code/2dviewer/annotation/public?data=2&region=-1&section=835
838,data2d/specimen_3/Specimen_3_838.tif,tif,4,20000,20000,,,https://brainportal.humanbrain.in/code/2dviewer/annotation/public?data=2&region=-1&section=838&type=hd
841,data2d/specimen_3/Specimen_3_841.tif,tif,4,20000,20000,,,https://brainportal.humanbrain.in/code/2dviewer/annotation/public?data=2&region=-1&section=841&type=hd
844,data2d/specimen_3/Specimen_3_844.tif,tif,1,80000,80000,https://dharani-fetal-brain-atlas.s3.us-west-2.amazonaws.com/data2d/specimen_3/Specimen_3_844.json,geojson,https://brainportal.humanbrain.in/code/2dviewer/annotation/public?data=2&region=-1&section=844
847,data2d/specimen_3/Specimen_3_847.tif,tif,4,20000,20000,,,https://brainportal.humanbrain.in/code/2dviewer/annotation/public?data=2&region=-1&section=847&type=hd
850,data2d/specimen_3/Specimen_3_850.tif,tif,4,20000,20000,,,https://brainportal.humanbrain.in/code/2dviewer/annotation/public?data=2&region=-1&section=850&type=hd
853,data2d/specimen_3/Specimen_3_853.tif,tif,1,80000,80000,https://dharani-fetal-brain-atlas.s3.us-west-2.amazonaws.com/data2d/specimen_3/Specimen_3_853.json,geojson,https://brainportal.humanbrain.in/code/2dviewer/annotation/public?data=2&region=-1&section=853
856,data2d/specimen_3/Specimen_3_856.tif,tif,4,20000,20000,,,https://brainportal.humanbrain.in/code/2dviewer/annotation/public?data=2&region=-1&section=856&type=hd
862,data2d/specimen_3/Specimen_3_862.tif,tif,4,20000,20000,,,https://brainportal.humanbrain.in/code/2dviewer/annotation/public?data=2&region=-1&section=862&type=hd
871,data2d/specimen_3/Specimen_3_871.tif,tif,4,20000,20000,,,https://brainportal.humanbrain.in/code/2dviewer/annotation/public?data=2&region=-1&section=871&type=hd
874,data2d/specimen_3/Specimen_3_874.tif,tif,1,80000,80000,https://dharani-fetal-brain-atlas.s3.us-west-2.amazonaws.com/data2d/specimen_3/Specimen_3_874.json,geojson,https://brainportal.humanbrain.in/code/2dviewer/annotation/public?data=2&region=-1&section=874
877,data2d/specimen_3/Specimen_3_877.tif,tif,4,20000,20000,,,https://brainportal.humanbrain.in/code/2dviewer/annotation/public?data=2&region=-1&section=877&type=hd
883,data2d/specimen_3/Specimen_3_883.tif,tif,4,20000,20000,,,https://brainportal.humanbrain.in/code/2dviewer/annotation/public?data=2&region=-1&section=883&type=hd
889,data2d/specimen_3/Specimen_3_889.tif,tif,1,80000,80000,https://dharani-fetal-brain-atlas.s3.us-west-2.amazonaws.com/data2d/specimen_3/Specimen_3_889.json,geojson,https://brainportal.humanbrain.in/code/2dviewer/annotation/public?data=2&region=-1&section=889
892,data2d/specimen_3/Specimen_3_892.tif,tif,4,20000,20000,,,https://brainportal.humanbrain.in/code/2dviewer/annotation/public?data=2&region=-1&section=892&type=hd
895,data2d/specimen_3/Specimen_3_895.tif,tif,4,20000,20000,,,https://brainportal.humanbrain.in/code/2dviewer/annotation/public?data=2&region=-1&section=895&type=hd
910,data2d/specimen_3/Specimen_3_910.tif,tif,4,20000,20000,,,https://brainportal.humanbrain.in/code/2dviewer/annotation/public?data=2&region=-1&section=910&type=hd
922,data2d/specimen_3/Specimen_3_922.tif,tif,4,20000,20000,,,https://brainportal.humanbrain.in/code/2dviewer/annotation/public?data=2&region=-1&section=922&type=hd
928,data2d/specimen_3/Specimen_3_928.tif,tif,4,20000,20000,,,https://brainportal.humanbrain.in/code/2dviewer/annotation/public?data=2&region=-1&section=928&type=hd
934,data2d/specimen_3/Specimen_3_934.tif,tif,4,20000,20000,,,https://brainportal.humanbrain.in/code/2dviewer/annotation/public?data=2&region=-1&section=934&type=hd
937,data2d/specimen_3/Specimen_3_937.tif,tif,1,80000,80000,https://dharani-fetal-brain-atlas.s3.us-west-2.amazonaws.com/data2d/specimen_3/Specimen_3_937.json,geojson,https://brainportal.humanbrain.in/code/2dviewer/annotation/public?data=2&region=-1&section=937
943,data2d/specimen_3/Specimen_3_943.tif,tif,1,80000,80000,https://dharani-fetal-brain-atlas.s3.us-west-2.amazonaws.com/data2d/specimen_3/Specimen_3_943.json,geojson,https://brainportal.humanbrain.in/code/2dviewer/annotation/public?data=2&region=-1&section=943
946,data2d/specimen_3/Specimen_3_946.tif,tif,4,20000,20000,,,https://brainportal.humanbrain.in/code/2dviewer/annotation/public?data=2&region=-1&section=946&type=hd
949,data2d/specimen_3/Specimen_3_949.tif,tif,4,20000,20000,,,https://brainportal.humanbrain.in/code/2dviewer/annotation/public?data=2&region=-1&section=949&type=hd
952,data2d/specimen_3/Specimen_3_952.tif,tif,4,20000,20000,,,https://brainportal.humanbrain.in/code/2dviewer/annotation/public?data=2&region=-1&section=952&type=hd
955,data2d/specimen_3/Specimen_3_955.tif,tif,1,80000,80000,https://dharani-fetal-brain-atlas.s3.us-west-2.amazonaws.com/data2d/specimen_3/Specimen_3_955.json,geojson,https://brainportal.humanbrain.in/code/2dviewer/annotation/public?data=2&region=-1&section=955
958,data2d/specimen_3/Specimen_3_958.tif,tif,4,20000,20000,,,https://brainportal.humanbrain.in/code/2dviewer/annotation/public?data=2&region=-1&section=958&type=hd
961,data2d/specimen_3/Specimen_3_961.tif,tif,1,80000,80000,https://dharani-fetal-brain-atlas.s3.us-west-2.amazonaws.com/data2d/specimen_3/Specimen_3_961.json,geojson,https://brainportal.humanbrain.in/code/2dviewer/annotation/public?data=2&region=-1&section=961
964,data2d/specimen_3/Specimen_3_964.tif,tif,4,20000,20000,,,https://brainportal.humanbrain.in/code/2dviewer/annotation/public?data=2&region=-1&section=964&type=hd
967,data2d/specimen_3/Specimen_3_967.tif,tif,4,20000,20000,,,https://brainportal.humanbrain.in/code/2dviewer/annotation/public?data=2&region=-1&section=967&type=hd
970,data2d/specimen_3/Specimen_3_970.tif,tif,4,20000,20000,,,https://brainportal.humanbrain.in/code/2dviewer/annotation/public?data=2&region=-1&section=970&type=hd
976,data2d/specimen_3/Specimen_3_976.tif,tif,4,20000,20000,,,https://brainportal.humanbrain.in/code/2dviewer/annotation/public?data=2&region=-1&section=976&type=hd
979,data2d/specimen_3/Specimen_3_979.tif,tif,4,20000,20000,,,https://brainportal.humanbrain.in/code/2dviewer/annotation/public?data=2&region=-1&section=979&type=hd
985,data2d/specimen_3/Specimen_3_985.tif,tif,1,80000,80000,https://dharani-fetal-brain-atlas.s3.us-west-2.amazonaws.com/data2d/specimen_3/Specimen_3_985.json,geojson,https://brainportal.humanbrain.in/code/2dviewer/annotation/public?data=2&region=-1&section=985
988,data2d/specimen_3/Specimen_3_988.tif,tif,4,20000,20000,,,https://brainportal.humanbrain.in/code/2dviewer/annotation/public?data=2&region=-1&section=988&type=hd
991,data2d/specimen_3/Specimen_3_991.tif,tif,4,20000,20000,,,https://brainportal.humanbrain.in/code/2dviewer/annotation/public?data=2&region=-1&section=991&type=hd
994,data2d/specimen_3/Specimen_3_994.tif,tif,4,20000,20000,,,https://brainportal.humanbrain.in/code/2dviewer/annotation/public?data=2&region=-1&section=994&type=hd
1000,data2d/specimen_3/Specimen_3_1000.tif,tif,1,80000,80000,https://dharani-fetal-brain-atlas.s3.us-west-2.amazonaws.com/data2d/specimen_3/Specimen_3_1000.json,geojson,https://brainportal.humanbrain.in/code/2dviewer/annotation/public?data=2&region=-1&section=1000
1009,data2d/specimen_3/Specimen_3_1009.tif,tif,4,20000,20000,,,https://brainportal.humanbrain.in/code/2dviewer/annotation/public?data=2&region=-1&section=1009&type=hd
1012,data2d/specimen_3/Specimen_3_1012.tif,tif,4,20000,20000,,,https://brainportal.humanbrain.in/code/2dviewer/annotation/public?data=2&region=-1&section=1012&type=hd
1018,data2d/specimen_3/Specimen_3_1018.tif,tif,1,80000,80000,https://dharani-fetal-brain-atlas.s3.us-west-2.amazonaws.com/data2d/specimen_3/Specimen_3_1018.json,geojson,https://brainportal.humanbrain.in/code/2dviewer/annotation/public?data=2&region=-1&section=1018
1021,data2d/specimen_3/Specimen_3_1021.tif,tif,4,20000,20000,,,https://brainportal.humanbrain.in/code/2dviewer/annotation/public?data=2&region=-1&section=1021&type=hd
1039,data2d/specimen_3/Specimen_3_1039.tif,tif,1,80000,80000,https://dharani-fetal-brain-atlas.s3.us-west-2.amazonaws.com/data2d/specimen_3/Specimen_3_1039.json,geojson,https://brainportal.humanbrain.in/code/2dviewer/annotation/public?data=2&region=-1&section=1039
1051,data2d/specimen_3/Specimen_3_1051.tif,tif,4,20000,20000,,,https://brainportal.humanbrain.in/code/2dviewer/annotation/public?data=2&region=-1&section=1051&type=hd
1054,data2d/specimen_3/Specimen_3_1054.tif,tif,1,80000,80000,https://dharani-fetal-brain-atlas.s3.us-west-2.amazonaws.com/data2d/specimen_3/Specimen_3_1054.json,geojson,https://brainportal.humanbrain.in/code/2dviewer/annotation/public?data=2&region=-1&section=1054
1069,data2d/specimen_3/Specimen_3_1069.tif,tif,4,20000,20000,,,https://brainportal.humanbrain.in/code/2dviewer/annotation/public?data=2&region=-1&section=1069&type=hd
1072,data2d/specimen_3/Specimen_3_1072.tif,tif,4,20000,20000,,,https://brainportal.humanbrain.in/code/2dviewer/annotation/public?data=2&region=-1&section=1072&type=hd
1075,data2d/specimen_3/Specimen_3_1075.tif,tif,4,20000,20000,,,https://brainportal.humanbrain.in/code/2dviewer/annotation/public?data=2&region=-1&section=1075&type=hd
1078,data2d/specimen_3/Specimen_3_1078.tif,tif,4,20000,20000,,,https://brainportal.humanbrain.in/code/2dviewer/annotation/public?data=2&region=-1&section=1078&type=hd
1081,data2d/specimen_3/Specimen_3_1081.tif,tif,4,20000,20000,,,https://brainportal.humanbrain.in/code/2dviewer/annotation/public?data=2&region=-1&section=1081&type=hd
1084,data2d/specimen_3/Specimen_3_1084.tif,tif,4,20000,20000,,,https://brainportal.humanbrain.in/code/2dviewer/annotation/public?data=2&region=-1&section=1084&type=hd
1087,data2d/specimen_3/Specimen_3_1087.tif,tif,4,20000,20000,,,https://brainportal.humanbrain.in/code/2dviewer/annotation/public?data=2&region=-1&section=1087&type=hd
1111,data2d/specimen_3/Specimen_3_1111.tif,tif,4,20000,20000,,,https://brainportal.humanbrain.in/code/2dviewer/annotation/public?data=2&region=-1&section=1111&type=hd
1114,data2d/specimen_3/Specimen_3_1114.tif,tif,4,20000,20000,,,https://brainportal.humanbrain.in/code/2dviewer/annotation/public?data=2&region=-1&section=1114&type=hd
1120,data2d/specimen_3/Specimen_3_1120.tif,tif,4,20000,20000,,,https://brainportal.humanbrain.in/code/2dviewer/annotation/public?data=2&region=-1&section=1120&type=hd
1126,data2d/specimen_3/Specimen_3_1126.tif,tif,4,20000,20000,,,https://brainportal.humanbrain.in/code/2dviewer/annotation/public?data=2&region=-1&section=1126&type=hd
1129,data2d/specimen_3/Specimen_3_1129.tif,tif,4,20000,20000,,,https://brainportal.humanbrain.in/code/2dviewer/annotation/public?data=2&region=-1&section=1129&type=hd
1141,data2d/specimen_3/Specimen_3_1141.tif,tif,4,20000,20000,,,https://brainportal.humanbrain.in/code/2dviewer/annotation/public?data=2&region=-1&section=1141&type=hd
1144,data2d/specimen_3/Specimen_3_1144.tif,tif,4,20000,20000,,,https://brainportal.humanbrain.in/code/2dviewer/annotation/public?data=2&region=-1&section=1144&type=hd
1147,data2d/specimen_3/Specimen_3_1147.tif,tif,4,20000,20000,,,https://brainportal.humanbrain.in/code/2dviewer/annotation/public?data=2&region=-1&section=1147&type=hd
1153,data2d/specimen_3/Specimen_3_1153.tif,tif,4,20000,20000,,,https://brainportal.humanbrain.in/code/2dviewer/annotation/public?data=2&region=-1&section=1153&type=hd
1156,data2d/specimen_3/Specimen_3_1156.tif,tif,4,20000,20000,,,https://brainportal.humanbrain.in/code/2dviewer/annotation/public?data=2&region=-1&section=1156&type=hd
1168,data2d/specimen_3/Specimen_3_1168.tif,tif,4,20000,20000,,,https://brainportal.humanbrain.in/code/2dviewer/annotation/public?data=2&region=-1&section=1168&type=hd
1174,data2d/specimen_3/Specimen_3_1174.tif,tif,4,20000,20000,,,https://brainportal.humanbrain.in/code/2dviewer/annotation/public?data=2&region=-1&section=1174&type=hd
1180,data2d/specimen_3/Specimen_3_1180.tif,tif,4,20000,20000,,,https://brainportal.humanbrain.in/code/2dviewer/annotation/public?data=2&region=-1&section=1180&type=hd
1189,data2d/specimen_3/Specimen_3_1189.tif,tif,4,20000,20000,,,https://brainportal.humanbrain.in/code/2dviewer/annotation/public?data=2&region=-1&section=1189&type=hd
1192,data2d/specimen_3/Specimen_3_1192.tif,tif,1,80000,80000,https://dharani-fetal-brain-atlas.s3.us-west-2.amazonaws.com/data2d/specimen_3/Specimen_3_1192.json,geojson,https://brainportal.humanbrain.in/code/2dviewer/annotation/public?data=2&region=-1&section=1192
1195,data2d/specimen_3/Specimen_3_1195.tif,tif,4,20000,20000,,,https://brainportal.humanbrain.in/code/2dviewer/annotation/public?data=2&region=-1&section=1195&type=hd
1198,data2d/specimen_3/Specimen_3_1198.tif,tif,4,20000,20000,,,https://brainportal.humanbrain.in/code/2dviewer/annotation/public?data=2&region=-1&section=1198&type=hd
1204,data2d/specimen_3/Specimen_3_1204.tif,tif,4,20000,20000,,,https://brainportal.humanbrain.in/code/2dviewer/annotation/public?data=2&region=-1&section=1204&type=hd
1207,data2d/specimen_3/Specimen_3_1207.tif,tif,4,20000,20000,,,https://brainportal.humanbrain.in/code/2dviewer/annotation/public?data=2&region=-1&section=1207&type=hd
1210,data2d/specimen_3/Specimen_3_1210.tif,tif,4,20000,20000,,,https://brainportal.humanbrain.in/code/2dviewer/annotation/public?data=2&region=-1&section=1210&type=hd
1213,data2d/specimen_3/Specimen_3_1213.tif,tif,4,20000,20000,,,https://brainportal.humanbrain.in/code/2dviewer/annotation/public?data=2&region=-1&section=1213&type=hd
1216,data2d/specimen_3/Specimen_3_1216.tif,tif,4,20000,20000,,,https://brainportal.humanbrain.in/code/2dviewer/annotation/public?data=2&region=-1&section=1216&type=hd
1222,data2d/specimen_3/Specimen_3_1222.tif,tif,4,20000,20000,,,https://brainportal.humanbrain.in/code/2dviewer/annotation/public?data=2&region=-1&section=1222&type=hd
1225,data2d/specimen_3/Specimen_3_1225.tif,tif,4,20000,20000,,,https://brainportal.humanbrain.in/code/2dviewer/annotation/public?data=2&region=-1&section=1225&type=hd
1231,data2d/specimen_3/Specimen_3_1231.tif,tif,4,20000,20000,,,https://brainportal.humanbrain.in/code/2dviewer/annotation/public?data=2&region=-1&section=1231&type=hd
1234,data2d/specimen_3/Specimen_3_1234.tif,tif,4,20000,20000,,,https://brainportal.humanbrain.in/code/2dviewer/annotation/public?data=2&region=-1&section=1234&type=hd
1237,data2d/specimen_3/Specimen_3_1237.tif,tif,4,20000,20000,,,https://brainportal.humanbrain.in/code/2dviewer/annotation/public?data=2&region=-1&section=1237&type=hd
1240,data2d/specimen_3/Specimen_3_1240.tif,tif,4,20000,20000,,,https://brainportal.humanbrain.in/code/2dviewer/annotation/public?data=2&region=-1&section=1240&type=hd
1243,data2d/specimen_3/Specimen_3_1243.tif,tif,4,20000,20000,,,https://brainportal.humanbrain.in/code/2dviewer/annotation/public?data=2&region=-1&section=1243&type=hd
1246,data2d/specimen_3/Specimen_3_1246.tif,tif,1,80000,80000,https://dharani-fetal-brain-atlas.s3.us-west-2.amazonaws.com/data2d/specimen_3/Specimen_3_1246.json,geojson,https://brainportal.humanbrain.in/code/2dviewer/annotation/public?data=2&region=-1&section=1246
1249,data2d/specimen_3/Specimen_3_1249.tif,tif,4,20000,20000,,,https://brainportal.humanbrain.in/code/2dviewer/annotation/public?data=2&region=-1&section=1249&type=hd
1252,data2d/specimen_3/Specimen_3_1252.tif,tif,4,20000,20000,,,https://brainportal.humanbrain.in/code/2dviewer/annotation/public?data=2&region=-1&section=1252&type=hd
1255,data2d/specimen_3/Specimen_3_1255.tif,tif,4,20000,20000,,,https://brainportal.humanbrain.in/code/2dviewer/annotation/public?data=2&region=-1&section=1255&type=hd
1258,data2d/specimen_3/Specimen_3_1258.tif,tif,4,20000,20000,,,https://brainportal.humanbrain.in/code/2dviewer/annotation/public?data=2&region=-1&section=1258&type=hd
1261,data2d/specimen_3/Specimen_3_1261.tif,tif,4,20000,20000,,,https://brainportal.humanbrain.in/code/2dviewer/annotation/public?data=2&region=-1&section=1261&type=hd
1264,data2d/specimen_3/Specimen_3_1264.tif,tif,4,20000,20000,,,https://brainportal.humanbrain.in/code/2dviewer/annotation/public?data=2&region=-1&section=1264&type=hd
1267,data2d/specimen_3/Specimen_3_1267.tif,tif,4,20000,20000,,,https://brainportal.humanbrain.in/code/2dviewer/annotation/public?data=2&region=-1&section=1267&type=hd
1270,data2d/specimen_3/Specimen_3_1270.tif,tif,1,80000,80000,https://dharani-fetal-brain-atlas.s3.us-west-2.amazonaws.com/data2d/specimen_3/Specimen_3_1270.json,geojson,https://brainportal.humanbrain.in/code/2dviewer/annotation/public?data=2&region=-1&section=1270
1294,data2d/specimen_3/Specimen_3_1294.tif,tif,4,20000,20000,,,https://brainportal.humanbrain.in/code/2dviewer/annotation/public?data=2&region=-1&section=1294&type=hd
1297,data2d/specimen_3/Specimen_3_1297.tif,tif,4,20000,20000,,,https://brainportal.humanbrain.in/code/2dviewer/annotation/public?data=2&region=-1&section=1297&type=hd
1303,data2d/specimen_3/Specimen_3_1303.tif,tif,4,20000,20000,,,https://brainportal.humanbrain.in/code/2dviewer/annotation/public?data=2&region=-1&section=1303&type=hd
1306,data2d/specimen_3/Specimen_3_1306.tif,tif,4,20000,20000,,,https://brainportal.humanbrain.in/code/2dviewer/annotation/public?data=2&region=-1&section=1306&type=hd
1309,data2d/specimen_3/Specimen_3_1309.tif,tif,4,20000,20000,,,https://brainportal.humanbrain.in/code/2dviewer/annotation/public?data=2&region=-1&section=1309&type=hd
1312,data2d/specimen_3/Specimen_3_1312.tif,tif,4,20000,20000,,,https://brainportal.humanbrain.in/code/2dviewer/annotation/public?data=2&region=-1&section=1312&type=hd
1315,data2d/specimen_3/Specimen_3_1315.tif,tif,4,20000,20000,,,https://brainportal.humanbrain.in/code/2dviewer/annotation/public?data=2&region=-1&section=1315&type=hd
1318,data2d/specimen_3/Specimen_3_1318.tif,tif,1,80000,80000,https://dharani-fetal-brain-atlas.s3.us-west-2.amazonaws.com/data2d/specimen_3/Specimen_3_1318.json,geojson,https://brainportal.humanbrain.in/code/2dviewer/annotation/public?data=2&region=-1&section=1318
1321,data2d/specimen_3/Specimen_3_1321.tif,tif,4,20000,20000,,,https://brainportal.humanbrain.in/code/2dviewer/annotation/public?data=2&region=-1&section=1321&type=hd
1324,data2d/specimen_3/Specimen_3_1324.tif,tif,4,20000,20000,,,https://brainportal.humanbrain.in/code/2dviewer/annotation/public?data=2&region=-1&section=1324&type=hd
1330,data2d/specimen_3/Specimen_3_1330.tif,tif,4,20000,20000,,,https://brainportal.humanbrain.in/code/2dviewer/annotation/public?data=2&region=-1&section=1330&type=hd
1333,data2d/specimen_3/Specimen_3_1333.tif,tif,4,20000,20000,,,https://brainportal.humanbrain.in/code/2dviewer/annotation/public?data=2&region=-1&section=1333&type=hd
1336,data2d/specimen_3/Specimen_3_1336.tif,tif,4,20000,20000,,,https://brainportal.humanbrain.in/code/2dviewer/annotation/public?data=2&region=-1&section=1336&type=hd
1342,data2d/specimen_3/Specimen_3_1342.tif,tif,4,20000,20000,,,https://brainportal.humanbrain.in/code/2dviewer/annotation/public?data=2&region=-1&section=1342&type=hd
1345,data2d/specimen_3/Specimen_3_1345.tif,tif,1,80000,80000,https://dharani-fetal-brain-atlas.s3.us-west-2.amazonaws.com/data2d/specimen_3/Specimen_3_1345.json,geojson,https://brainportal.humanbrain.in/code/2dviewer/annotation/public?data=2&region=-1&section=1345
1348,data2d/specimen_3/Specimen_3_1348.tif,tif,4,20000,20000,,,https://brainportal.humanbrain.in/code/2dviewer/annotation/public?data=2&region=-1&section=1348&type=hd
1351,data2d/specimen_3/Specimen_3_1351.tif,tif,4,20000,20000,,,https://brainportal.humanbrain.in/code/2dviewer/annotation/public?data=2&region=-1&section=1351&type=hd
1354,data2d/specimen_3/Specimen_3_1354.tif,tif,4,20000,20000,,,https://brainportal.humanbrain.in/code/2dviewer/annotation/public?data=2&region=-1&section=1354&type=hd
1357,data2d/specimen_3/Specimen_3_1357.tif,tif,4,20000,20000,,,https://brainportal.humanbrain.in/code/2dviewer/annotation/public?data=2&region=-1&section=1357&type=hd
1360,data2d/specimen_3/Specimen_3_1360.tif,tif,4,20000,20000,,,https://brainportal.humanbrain.in/code/2dviewer/annotation/public?data=2&region=-1&section=1360&type=hd
1363,data2d/specimen_3/Specimen_3_1363.tif,tif,4,20000,20000,,,https://brainportal.humanbrain.in/code/2dviewer/annotation/public?data=2&region=-1&section=1363&type=hd
1366,data2d/specimen_3/Specimen_3_1366.tif,tif,4,20000,20000,,,https://brainportal.humanbrain.in/code/2dviewer/annotation/public?data=2&region=-1&section=1366&type=hd
1369,data2d/specimen_3/Specimen_3_1369.tif,tif,4,20000,20000,,,https://brainportal.humanbrain.in/code/2dviewer/annotation/public?data=2&region=-1&section=1369&type=hd
1372,data2d/specimen_3/Specimen_3_1372.tif,tif,4,20000,20000,,,https://brainportal.humanbrain.in/code/2dviewer/annotation/public?data=2&region=-1&section=1372&type=hd
1375,data2d/specimen_3/Specimen_3_1375.tif,tif,4,20000,20000,,,https://brainportal.humanbrain.in/code/2dviewer/annotation/public?data=2&region=-1&section=1375&type=hd
1378,data2d/specimen_3/Specimen_3_1378.tif,tif,4,20000,20000,,,https://brainportal.humanbrain.in/code/2dviewer/annotation/public?data=2&region=-1&section=1378&type=hd
1384,data2d/specimen_3/Specimen_3_1384.tif,tif,1,80000,80000,https://dharani-fetal-brain-atlas.s3.us-west-2.amazonaws.com/data2d/specimen_3/Specimen_3_1384.json,geojson,https://brainportal.humanbrain.in/code/2dviewer/annotation/public?data=2&region=-1&section=1384
1387,data2d/specimen_3/Specimen_3_1387.tif,tif,4,20000,20000,,,https://brainportal.humanbrain.in/code/2dviewer/annotation/public?data=2&region=-1&section=1387&type=hd
1390,data2d/specimen_3/Specimen_3_1390.tif,tif,4,20000,20000,,,https://brainportal.humanbrain.in/code/2dviewer/annotation/public?data=2&region=-1&section=1390&type=hd
1396,data2d/specimen_3/Specimen_3_1396.tif,tif,4,20000,20000,,,https://brainportal.humanbrain.in/code/2dviewer/annotation/public?data=2&region=-1&section=1396&type=hd
1399,data2d/specimen_3/Specimen_3_1399.tif,tif,4,20000,20000,,,https://brainportal.humanbrain.in/code/2dviewer/annotation/public?data=2&region=-1&section=1399&type=hd
1402,data2d/specimen_3/Specimen_3_1402.tif,tif,4,20000,20000,,,https://brainportal.humanbrain.in/code/2dviewer/annotation/public?data=2&region=-1&section=1402&type=hd
1405,data2d/specimen_3/Specimen_3_1405.tif,tif,4,20000,20000,,,https://brainportal.humanbrain.in/code/2dviewer/annotation/public?data=2&region=-1&section=1405&type=hd
1408,data2d/specimen_3/Specimen_3_1408.tif,tif,1,80000,80000,https://dharani-fetal-brain-atlas.s3.us-west-2.amazonaws.com/data2d/specimen_3/Specimen_3_1408.json,geojson,https://brainportal.humanbrain.in/code/2dviewer/annotation/public?data=2&region=-1&section=1408
1432,data2d/specimen_3/Specimen_3_1432.tif,tif,1,80000,80000,https://dharani-fetal-brain-atlas.s3.us-west-2.amazonaws.com/data2d/specimen_3/Specimen_3_1432.json,geojson,https://brainportal.humanbrain.in/code/2dviewer/annotation/public?data=2&region=-1&section=1432
1435,data2d/specimen_3/Specimen_3_1435.tif,tif,4,20000,20000,,,https://brainportal.humanbrain.in/code/2dviewer/annotation/public?data=2&region=-1&section=1435&type=hd
1438,data2d/specimen_3/Specimen_3_1438.tif,tif,4,20000,20000,,,https://brainportal.humanbrain.in/code/2dviewer/annotation/public?data=2&region=-1&section=1438&type=hd
1444,data2d/specimen_3/Specimen_3_1444.tif,tif,1,80000,80000,https://dharani-fetal-brain-atlas.s3.us-west-2.amazonaws.com/data2d/specimen_3/Specimen_3_1444.json,geojson,https://brainportal.humanbrain.in/code/2dviewer/annotation/public?data=2&region=-1&section=1444
1450,data2d/specimen_3/Specimen_3_1450.tif,tif,4,20000,20000,,,https://brainportal.humanbrain.in/code/2dviewer/annotation/public?data=2&region=-1&section=1450&type=hd
1453,data2d/specimen_3/Specimen_3_1453.tif,tif,4,20000,20000,,,https://brainportal.humanbrain.in/code/2dviewer/annotation/public?data=2&region=-1&section=1453&type=hd
1456,data2d/specimen_3/Specimen_3_1456.tif,tif,4,20000,20000,,,https://brainportal.humanbrain.in/code/2dviewer/annotation/public?data=2&region=-1&section=1456&type=hd
1459,data2d/specimen_3/Specimen_3_1459.tif,tif,1,80000,80000,https://dharani-fetal-brain-atlas.s3.us-west-2.amazonaws.com/data2d/specimen_3/Specimen_3_1459.json,geojson,https://brainportal.humanbrain.in/code/2dviewer/annotation/public?data=2&region=-1&section=1459
1462,data2d/specimen_3/Specimen_3_1462.tif,tif,4,20000,20000,,,https://brainportal.humanbrain.in/code/2dviewer/annotation/public?data=2&region=-1&section=1462&type=hd
1465,data2d/specimen_3/Specimen_3_1465.tif,tif,4,20000,20000,,,https://brainportal.humanbrain.in/code/2dviewer/annotation/public?data=2&region=-1&section=1465&type=hd
1468,data2d/specimen_3/Specimen_3_1468.tif,tif,4,20000,20000,,,https://brainportal.humanbrain.in/code/2dviewer/annotation/public?data=2&region=-1&section=1468&type=hd
1471,data2d/specimen_3/Specimen_3_1471.tif,tif,4,20000,20000,,,https://brainportal.humanbrain.in/code/2dviewer/annotation/public?data=2&region=-1&section=1471&type=hd
1477,data2d/specimen_3/Specimen_3_1477.tif,tif,4,20000,20000,,,https://brainportal.humanbrain.in/code/2dviewer/annotation/public?data=2&region=-1&section=1477&type=hd
1480,data2d/specimen_3/Specimen_3_1480.tif,tif,4,20000,20000,,,https://brainportal.humanbrain.in/code/2dviewer/annotation/public?data=2&region=-1&section=1480&type=hd
1483,data2d/specimen_3/Specimen_3_1483.tif,tif,4,20000,20000,,,https://brainportal.humanbrain.in/code/2dviewer/annotation/public?data=2&region=-1&section=1483&type=hd
1486,data2d/specimen_3/Specimen_3_1486.tif,tif,4,20000,20000,,,https://brainportal.humanbrain.in/code/2dviewer/annotation/public?data=2&region=-1&section=1486&type=hd
1489,data2d/specimen_3/Specimen_3_1489.tif,tif,4,20000,20000,,,https://brainportal.humanbrain.in/code/2dviewer/annotation/public?data=2&region=-1&section=1489&type=hd
1492,data2d/specimen_3/Specimen_3_1492.tif,tif,4,20000,20000,,,https://brainportal.humanbrain.in/code/2dviewer/annotation/public?data=2&region=-1&section=1492&type=hd
1495,data2d/specimen_3/Specimen_3_1495.tif,tif,4,20000,20000,,,https://brainportal.humanbrain.in/code/2dviewer/annotation/public?data=2&region=-1&section=1495&type=hd
1498,data2d/specimen_3/Specimen_3_1498.tif,tif,4,20000,20000,,,https://brainportal.humanbrain.in/code/2dviewer/annotation/public?data=2&region=-1&section=1498&type=hd
1501,data2d/specimen_3/Specimen_3_1501.tif,tif,4,20000,20000,,,https://brainportal.humanbrain.in/code/2dviewer/annotation/public?data=2&region=-1&section=1501&type=hd
1504,data2d/specimen_3/Specimen_3_1504.tif,tif,4,20000,20000,,,https://brainportal.humanbrain.in/code/2dviewer/annotation/public?data=2&region=-1&section=1504&type=hd
1507,data2d/specimen_3/Specimen_3_1507.tif,tif,4,20000,20000,,,https://brainportal.humanbrain.in/code/2dviewer/annotation/public?data=2&region=-1&section=1507&type=hd
1510,data2d/specimen_3/Specimen_3_1510.tif,tif,1,80000,80000,https://dharani-fetal-brain-atlas.s3.us-west-2.amazonaws.com/data2d/specimen_3/Specimen_3_1510.json,geojson,https://brainportal.humanbrain.in/code/2dviewer/annotation/public?data=2&region=-1&section=1510
1513,data2d/specimen_3/Specimen_3_1513.tif,tif,4,20000,20000,,,https://brainportal.humanbrain.in/code/2dviewer/annotation/public?data=2&region=-1&section=1513&type=hd
1516,data2d/specimen_3/Specimen_3_1516.tif,tif,4,20000,20000,,,https://brainportal.humanbrain.in/code/2dviewer/annotation/public?data=2&region=-1&section=1516&type=hd
1519,data2d/specimen_3/Specimen_3_1519.tif,tif,4,20000,20000,,,https://brainportal.humanbrain.in/code/2dviewer/annotation/public?data=2&region=-1&section=1519&type=hd
1522,data2d/specimen_3/Specimen_3_1522.tif,tif,4,20000,20000,,,https://brainportal.humanbrain.in/code/2dviewer/annotation/public?data=2&region=-1&section=1522&type=hd
1525,data2d/specimen_3/Specimen_3_1525.tif,tif,4,20000,20000,,,https://brainportal.humanbrain.in/code/2dviewer/annotation/public?data=2&region=-1&section=1525&type=hd
1528,data2d/specimen_3/Specimen_3_1528.tif,tif,1,80000,80000,https://dharani-fetal-brain-atlas.s3.us-west-2.amazonaws.com/data2d/specimen_3/Specimen_3_1528.json,geojson,https://brainportal.humanbrain.in/code/2dviewer/annotation/public?data=2&region=-1&section=1528
1531,data2d/specimen_3/Specimen_3_1531.tif,tif,4,20000,20000,,,https://brainportal.humanbrain.in/code/2dviewer/annotation/public?data=2&region=-1&section=1531&type=hd
1534,data2d/specimen_3/Specimen_3_1534.tif,tif,4,20000,20000,,,https://brainportal.humanbrain.in/code/2dviewer/annotation/public?data=2&region=-1&section=1534&type=hd
1537,data2d/specimen_3/Specimen_3_1537.tif,tif,1,80000,80000,https://dharani-fetal-brain-atlas.s3.us-west-2.amazonaws.com/data2d/specimen_3/Specimen_3_1537.json,geojson,https://brainportal.humanbrain.in/code/2dviewer/annotation/public?data=2&region=-1&section=1537
1540,data2d/specimen_3/Specimen_3_1540.tif,tif,4,20000,20000,,,https://brainportal.humanbrain.in/code/2dviewer/annotation/public?data=2&region=-1&section=1540&type=hd
1546,data2d/specimen_3/Specimen_3_1546.tif,tif,1,80000,80000,https://dharani-fetal-brain-atlas.s3.us-west-2.amazonaws.com/data2d/specimen_3/Specimen_3_1546.json,geojson,https://brainportal.humanbrain.in/code/2dviewer/annotation/public?data=2&region=-1&section=1546
1549,data2d/specimen_3/Specimen_3_1549.tif,tif,4,20000,20000,,,https://brainportal.humanbrain.in/code/2dviewer/annotation/public?data=2&region=-1&section=1549&type=hd
1552,data2d/specimen_3/Specimen_3_1552.tif,tif,4,20000,20000,,,https://brainportal.humanbrain.in/code/2dviewer/annotation/public?data=2&region=-1&section=1552&type=hd
1555,data2d/specimen_3/Specimen_3_1555.tif,tif,4,20000,20000,,,https://brainportal.humanbrain.in/code/2dviewer/annotation/public?data=2&region=-1&section=1555&type=hd
1561,data2d/specimen_3/Specimen_3_1561.tif,tif,4,20000,20000,,,https://brainportal.humanbrain.in/code/2dviewer/annotation/public?data=2&region=-1&section=1561&type=hd
1564,data2d/specimen_3/Specimen_3_1564.tif,tif,1,80000,80000,https://dharani-fetal-brain-atlas.s3.us-west-2.amazonaws.com/data2d/specimen_3/Specimen_3_1564.json,geojson,https://brainportal.humanbrain.in/code/2dviewer/annotation/public?data=2&region=-1&section=1564
1567,data2d/specimen_3/Specimen_3_1567.tif,tif,4,20000,20000,,,https://brainportal.humanbrain.in/code/2dviewer/annotation/public?data=2&region=-1&section=1567&type=hd
1570,data2d/specimen_3/Specimen_3_1570.tif,tif,4,20000,20000,,,https://brainportal.humanbrain.in/code/2dviewer/annotation/public?data=2&region=-1&section=1570&type=hd
1573,data2d/specimen_3/Specimen_3_1573.tif,tif,4,20000,20000,,,https://brainportal.humanbrain.in/code/2dviewer/annotation/public?data=2&region=-1&section=1573&type=hd
1576,data2d/specimen_3/Specimen_3_1576.tif,tif,4,20000,20000,,,https://brainportal.humanbrain.in/code/2dviewer/annotation/public?data=2&region=-1&section=1576&type=hd
1579,data2d/specimen_3/Specimen_3_1579.tif,tif,1,80000,80000,https://dharani-fetal-brain-atlas.s3.us-west-2.amazonaws.com/data2d/specimen_3/Specimen_3_1579.json,geojson,https://brainportal.humanbrain.in/code/2dviewer/annotation/public?data=2&region=-1&section=1579
1582,data2d/specimen_3/Specimen_3_1582.tif,tif,4,20000,20000,,,https://brainportal.humanbrain.in/code/2dviewer/annotation/public?data=2&region=-1&section=1582&type=hd
1585,data2d/specimen_3/Specimen_3_1585.tif,tif,1,80000,80000,https://dharani-fetal-brain-atlas.s3.us-west-2.amazonaws.com/data2d/specimen_3/Specimen_3_1585.json,geojson,https://brainportal.humanbrain.in/code/2dviewer/annotation/public?data=2&region=-1&section=1585
1588,data2d/specimen_3/Specimen_3_1588.tif,tif,4,20000,20000,,,https://brainportal.humanbrain.in/code/2dviewer/annotation/public?data=2&region=-1&section=1588&type=hd
1591,data2d/specimen_3/Specimen_3_1591.tif,tif,4,20000,20000,,,https://brainportal.humanbrain.in/code/2dviewer/annotation/public?data=2&region=-1&section=1591&type=hd
1594,data2d/specimen_3/Specimen_3_1594.tif,tif,4,20000,20000,,,https://brainportal.humanbrain.in/code/2dviewer/annotation/public?data=2&region=-1&section=1594&type=hd
1600,data2d/specimen_3/Specimen_3_1600.tif,tif,4,20000,20000,,,https://brainportal.humanbrain.in/code/2dviewer/annotation/public?data=2&region=-1&section=1600&type=hd
1604,data2d/specimen_3/Specimen_3_1604.tif,tif,4,20000,20000,,,https://brainportal.humanbrain.in/code/2dviewer/annotation/public?data=2&region=-1&section=1604&type=hd
1606,data2d/specimen_3/Specimen_3_1606.tif,tif,4,20000,20000,,,https://brainportal.humanbrain.in/code/2dviewer/annotation/public?data=2&region=-1&section=1606&type=hd
1609,data2d/specimen_3/Specimen_3_1609.tif,tif,4,20000,20000,,,https://brainportal.humanbrain.in/code/2dviewer/annotation/public?data=2&region=-1&section=1609&type=hd
1612,data2d/specimen_3/Specimen_3_1612.tif,tif,4,20000,20000,,,https://brainportal.humanbrain.in/code/2dviewer/annotation/public?data=2&region=-1&section=1612&type=hd
1615,data2d/specimen_3/Specimen_3_1615.tif,tif,4,20000,20000,,,https://brainportal.humanbrain.in/code/2dviewer/annotation/public?data=2&region=-1&section=1615&type=hd
1624,data2d/specimen_3/Specimen_3_1624.tif,tif,1,80000,80000,https://dharani-fetal-brain-atlas.s3.us-west-2.amazonaws.com/data2d/specimen_3/Specimen_3_1624.json,geojson,https://brainportal.humanbrain.in/code/2dviewer/annotation/public?data=2&region=-1&section=1624
1627,data2d/specimen_3/Specimen_3_1627.tif,tif,4,20000,20000,,,https://brainportal.humanbrain.in/code/2dviewer/annotation/public?data=2&region=-1&section=1627&type=hd
1630,data2d/specimen_3/Specimen_3_1630.tif,tif,4,20000,20000,,,https://brainportal.humanbrain.in/code/2dviewer/annotation/public?data=2&region=-1&section=1630&type=hd
1636,data2d/specimen_3/Specimen_3_1636.tif,tif,4,20000,20000,,,https://brainportal.humanbrain.in/code/2dviewer/annotation/public?data=2&region=-1&section=1636&type=hd
1648,data2d/specimen_3/Specimen_3_1648.tif,tif,4,20000,20000,,,https://brainportal.humanbrain.in/code/2dviewer/annotation/public?data=2&region=-1&section=1648&type=hd
1651,data2d/specimen_3/Specimen_3_1651.tif,tif,1,80000,80000,https://dharani-fetal-brain-atlas.s3.us-west-2.amazonaws.com/data2d/specimen_3/Specimen_3_1651.json,geojson,https://brainportal.humanbrain.in/code/2dviewer/annotation/public?data=2&region=-1&section=1651
1654,data2d/specimen_3/Specimen_3_1654.tif,tif,4,20000,20000,,,https://brainportal.humanbrain.in/code/2dviewer/annotation/public?data=2&region=-1&section=1654&type=hd
1657,data2d/specimen_3/Specimen_3_1657.tif,tif,4,20000,20000,,,https://brainportal.humanbrain.in/code/2dviewer/annotation/public?data=2&region=-1&section=1657&type=hd
1660,data2d/specimen_3/Specimen_3_1660.tif,tif,1,80000,80000,https://dharani-fetal-brain-atlas.s3.us-west-2.amazonaws.com/data2d/specimen_3/Specimen_3_1660.json,geojson,https://brainportal.humanbrain.in/code/2dviewer/annotation/public?data=2&region=-1&section=1660
1663,data2d/specimen_3/Specimen_3_1663.tif,tif,4,20000,20000,,,https://brainportal.humanbrain.in/code/2dviewer/annotation/public?data=2&region=-1&section=1663&type=hd
1669,data2d/specimen_3/Specimen_3_1669.tif,tif,4,20000,20000,,,https://brainportal.humanbrain.in/code/2dviewer/annotation/public?data=2&region=-1&section=1669&type=hd
1672,data2d/specimen_3/Specimen_3_1672.tif,tif,1,80000,80000,https://dharani-fetal-brain-atlas.s3.us-west-2.amazonaws.com/data2d/specimen_3/Specimen_3_1672.json,geojson,https://brainportal.humanbrain.in/code/2dviewer/annotation/public?data=2&region=-1&section=1672
1675,data2d/specimen_3/Specimen_3_1675.tif,tif,4,20000,20000,,,https://brainportal.humanbrain.in/code/2dviewer/annotation/public?data=2&region=-1&section=1675&type=hd
1678,data2d/specimen_3/Specimen_3_1678.tif,tif,4,20000,20000,,,https://brainportal.humanbrain.in/code/2dviewer/annotation/public?data=2&region=-1&section=1678&type=hd
1681,data2d/specimen_3/Specimen_3_1681.tif,tif,4,20000,20000,,,https://brainportal.humanbrain.in/code/2dviewer/annotation/public?data=2&region=-1&section=1681&type=hd
1687,data2d/specimen_3/Specimen_3_1687.tif,tif,4,20000,20000,,,https://brainportal.humanbrain.in/code/2dviewer/annotation/public?data=2&region=-1&section=1687&type=hd
1690,data2d/specimen_3/Specimen_3_1690.tif,tif,4,20000,20000,,,https://brainportal.humanbrain.in/code/2dviewer/annotation/public?data=2&region=-1&section=1690&type=hd
1693,data2d/specimen_3/Specimen_3_1693.tif,tif,4,20000,20000,,,https://brainportal.humanbrain.in/code/2dviewer/annotation/public?data=2&region=-1&section=1693&type=hd
1696,data2d/specimen_3/Specimen_3_1696.tif,tif,4,20000,20000,,,https://brainportal.humanbrain.in/code/2dviewer/annotation/public?data=2&region=-1&section=1696&type=hd
1699,data2d/specimen_3/Specimen_3_1699.tif,tif,4,20000,20000,,,https://brainportal.humanbrain.in/code/2dviewer/annotation/public?data=2&region=-1&section=1699&type=hd
1705,data2d/specimen_3/Specimen_3_1705.tif,tif,4,20000,20000,,,https://brainportal.humanbrain.in/code/2dviewer/annotation/public?data=2&region=-1&section=1705&type=hd
1708,data2d/specimen_3/Specimen_3_1708.tif,tif,1,80000,80000,https://dharani-fetal-brain-atlas.s3.us-west-2.amazonaws.com/data2d/specimen_3/Specimen_3_1708.json,geojson,https://brainportal.humanbrain.in/code/2dviewer/annotation/public?data=2&region=-1&section=1708
1711,data2d/specimen_3/Specimen_3_1711.tif,tif,4,20000,20000,,,https://brainportal.humanbrain.in/code/2dviewer/annotation/public?data=2&region=-1&section=1711&type=hd
1714,data2d/specimen_3/Specimen_3_1714.tif,tif,4,20000,20000,,,https://brainportal.humanbrain.in/code/2dviewer/annotation/public?data=2&region=-1&section=1714&type=hd
1717,data2d/specimen_3/Specimen_3_1717.tif,tif,4,20000,20000,,,https://brainportal.humanbrain.in/code/2dviewer/annotation/public?data=2&region=-1&section=1717&type=hd
1720,data2d/specimen_3/Specimen_3_1720.tif,tif,4,20000,20000,,,https://brainportal.humanbrain.in/code/2dviewer/annotation/public?data=2&region=-1&section=1720&type=hd
1723,data2d/specimen_3/Specimen_3_1723.tif,tif,4,20000,20000,,,https://brainportal.humanbrain.in/code/2dviewer/annotation/public?data=2&region=-1&section=1723&type=hd
1726,data2d/specimen_3/Specimen_3_1726.tif,tif,4,20000,20000,,,https://brainportal.humanbrain.in/code/2dviewer/annotation/public?data=2&region=-1&section=1726&type=hd
1729,data2d/specimen_3/Specimen_3_1729.tif,tif,4,20000,20000,,,https://brainportal.humanbrain.in/code/2dviewer/annotation/public?data=2&region=-1&section=1729&type=hd
1732,data2d/specimen_3/Specimen_3_1732.tif,tif,4,20000,20000,,,https://brainportal.humanbrain.in/code/2dviewer/annotation/public?data=2&region=-1&section=1732&type=hd
1735,data2d/specimen_3/Specimen_3_1735.tif,tif,4,20000,20000,,,https://brainportal.humanbrain.in/code/2dviewer/annotation/public?data=2&region=-1&section=1735&type=hd
1738,data2d/specimen_3/Specimen_3_1738.tif,tif,4,20000,20000,,,https://brainportal.humanbrain.in/code/2dviewer/annotation/public?data=2&region=-1&section=1738&type=hd
1741,data2d/specimen_3/Specimen_3_1741.tif,tif,4,20000,20000,,,https://brainportal.humanbrain.in/code/2dviewer/annotation/public?data=2&region=-1&section=1741&type=hd
1744,data2d/specimen_3/Specimen_3_1744.tif,tif,4,20000,20000,,,https://brainportal.humanbrain.in/code/2dviewer/annotation/public?data=2&region=-1&section=1744&type=hd
1747,data2d/specimen_3/Specimen_3_1747.tif,tif,4,20000,20000,,,https://brainportal.humanbrain.in/code/2dviewer/annotation/public?data=2&region=-1&section=1747&type=hd
1750,data2d/specimen_3/Specimen_3_1750.tif,tif,4,20000,20000,,,https://brainportal.humanbrain.in/code/2dviewer/annotation/public?data=2&region=-1&section=1750&type=hd
1753,data2d/specimen_3/Specimen_3_1753.tif,tif,4,20000,20000,,,https://brainportal.humanbrain.in/code/2dviewer/annotation/public?data=2&region=-1&section=1753&type=hd
1756,data2d/specimen_3/Specimen_3_1756.tif,tif,4,20000,20000,,,https://brainportal.humanbrain.in/code/2dviewer/annotation/public?data=2&region=-1&section=1756&type=hd
1759,data2d/specimen_3/Specimen_3_1759.tif,tif,4,20000,20000,,,https://brainportal.humanbrain.in/code/2dviewer/annotation/public?data=2&region=-1&section=1759&type=hd
1762,data2d/specimen_3/Specimen_3_1762.tif,tif,4,20000,20000,,,https://brainportal.humanbrain.in/code/2dviewer/annotation/public?data=2&region=-1&section=1762&type=hd
1771,data2d/specimen_3/Specimen_3_1771.tif,tif,4,20000,20000,,,https://brainportal.humanbrain.in/code/2dviewer/annotation/public?data=2&region=-1&section=1771&type=hd
1780,data2d/specimen_3/Specimen_3_1780.tif,tif,4,20000,20000,,,https://brainportal.humanbrain.in/code/2dviewer/annotation/public?data=2&region=-1&section=1780&type=hd
1783,data2d/specimen_3/Specimen_3_1783.tif,tif,4,20000,20000,,,https://brainportal.humanbrain.in/code/2dviewer/annotation/public?data=2&region=-1&section=1783&type=hd
1786,data2d/specimen_3/Specimen_3_1786.tif,tif,4,20000,20000,,,https://brainportal.humanbrain.in/code/2dviewer/annotation/public?data=2&region=-1&section=1786&type=hd
1789,data2d/specimen_3/Specimen_3_1789.tif,tif,1,80000,80000,https://dharani-fetal-brain-atlas.s3.us-west-2.amazonaws.com/data2d/specimen_3/Specimen_3_1789.json,geojson,https://brainportal.humanbrain.in/code/2dviewer/annotation/public?data=2&region=-1&section=1789
1792,data2d/specimen_3/Specimen_3_1792.tif,tif,4,20000,20000,,,https://brainportal.humanbrain.in/code/2dviewer/annotation/public?data=2&region=-1&section=1792&type=hd
1798,data2d/specimen_3/Specimen_3_1798.tif,tif,4,20000,20000,,,https://brainportal.humanbrain.in/code/2dviewer/annotation/public?data=2&region=-1&section=1798&type=hd
1801,data2d/specimen_3/Specimen_3_1801.tif,tif,4,20000,20000,,,https://brainportal.humanbrain.in/code/2dviewer/annotation/public?data=2&region=-1&section=1801&type=hd
1804,data2d/specimen_3/Specimen_3_1804.tif,tif,4,20000,20000,,,https://brainportal.humanbrain.in/code/2dviewer/annotation/public?data=2&region=-1&section=1804&type=hd
1807,data2d/specimen_3/Specimen_3_1807.tif,tif,4,20000,20000,,,https://brainportal.humanbrain.in/code/2dviewer/annotation/public?data=2&region=-1&section=1807&type=hd
1819,data2d/specimen_3/Specimen_3_1819.tif,tif,4,20000,20000,,,https://brainportal.humanbrain.in/code/2dviewer/annotation/public?data=2&region=-1&section=1819&type=hd
1822,data2d/specimen_3/Specimen_3_1822.tif,tif,4,20000,20000,,,https://brainportal.humanbrain.in/code/2dviewer/annotation/public?data=2&region=-1&section=1822&type=hd
1834,data2d/specimen_3/Specimen_3_1834.tif,tif,4,20000,20000,,,https://brainportal.humanbrain.in/code/2dviewer/annotation/public?data=2&region=-1&section=1834&type=hd
1843,data2d/specimen_3/Specimen_3_1843.tif,tif,4,20000,20000,,,https://brainportal.humanbrain.in/code/2dviewer/annotation/public?data=2&region=-1&section=1843&type=hd
1849,data2d/specimen_3/Specimen_3_1849.tif,tif,4,20000,20000,,,https://brainportal.humanbrain.in/code/2dviewer/annotation/public?data=2&region=-1&section=1849&type=hd
1852,data2d/specimen_3/Specimen_3_1852.tif,tif,4,20000,20000,,,https://brainportal.humanbrain.in/code/2dviewer/annotation/public?data=2&region=-1&section=1852&type=hd
1855,data2d/specimen_3/Specimen_3_1855.tif,tif,4,20000,20000,,,https://brainportal.humanbrain.in/code/2dviewer/annotation/public?data=2&region=-1&section=1855&type=hd
1861,data2d/specimen_3/Specimen_3_1861.tif,tif,4,20000,20000,,,https://brainportal.humanbrain.in/code/2dviewer/annotation/public?data=2&region=-1&section=1861&type=hd
1864,data2d/specimen_3/Specimen_3_1864.tif,tif,4,20000,20000,,,https://brainportal.humanbrain.in/code/2dviewer/annotation/public?data=2&region=-1&section=1864&type=hd
1867,data2d/specimen_3/Specimen_3_1867.tif,tif,4,20000,20000,,,https://brainportal.humanbrain.in/code/2dviewer/annotation/public?data=2&region=-1&section=1867&type=hd
1870,data2d/specimen_3/Specimen_3_1870.tif,tif,4,20000,20000,,,https://brainportal.humanbrain.in/code/2dviewer/annotation/public?data=2&region=-1&section=1870&type=hd
1873,data2d/specimen_3/Specimen_3_1873.tif,tif,4,20000,20000,,,https://brainportal.humanbrain.in/code/2dviewer/annotation/public?data=2&region=-1&section=1873&type=hd
1879,data2d/specimen_3/Specimen_3_1879.tif,tif,4,20000,20000,,,https://brainportal.humanbrain.in/code/2dviewer/annotation/public?data=2&region=-1&section=1879&type=hd
1885,data2d/specimen_3/Specimen_3_1885.tif,tif,1,80000,80000,https://dharani-fetal-brain-atlas.s3.us-west-2.amazonaws.com/data2d/specimen_3/Specimen_3_1885.json,geojson,https://brainportal.humanbrain.in/code/2dviewer/annotation/public?data=2&region=-1&section=1885
1888,data2d/specimen_3/Specimen_3_1888.tif,tif,4,20000,20000,,,https://brainportal.humanbrain.in/code/2dviewer/annotation/public?data=2&region=-1&section=1888&type=hd
1891,data2d/specimen_3/Specimen_3_1891.tif,tif,4,20000,20000,,,https://brainportal.humanbrain.in/code/2dviewer/annotation/public?data=2&region=-1&section=1891&type=hd
1897,data2d/specimen_3/Specimen_3_1897.tif,tif,4,20000,20000,,,https://brainportal.humanbrain.in/code/2dviewer/annotation/public?data=2&region=-1&section=1897&type=hd
1900,data2d/specimen_3/Specimen_3_1900.tif,tif,4,20000,20000,,,https://brainportal.humanbrain.in/code/2dviewer/annotation/public?data=2&region=-1&section=1900&type=hd
1903,data2d/specimen_3/Specimen_3_1903.tif,tif,4,20000,20000,,,https://brainportal.humanbrain.in/code/2dviewer/annotation/public?data=2&region=-1&section=1903&type=hd
1906,data2d/specimen_3/Specimen_3_1906.tif,tif,4,20000,20000,,,https://brainportal.humanbrain.in/code/2dviewer/annotation/public?data=2&region=-1&section=1906&type=hd
1909,data2d/specimen_3/Specimen_3_1909.tif,tif,4,20000,20000,,,https://brainportal.humanbrain.in/code/2dviewer/annotation/public?data=2&region=-1&section=1909&type=hd
1912,data2d/specimen_3/Specimen_3_1912.tif,tif,1,80000,80000,https://dharani-fetal-brain-atlas.s3.us-west-2.amazonaws.com/data2d/specimen_3/Specimen_3_1912.json,geojson,https://brainportal.humanbrain.in/code/2dviewer/annotation/public?data=2&region=-1&section=1912
1921,data2d/specimen_3/Specimen_3_1921.tif,tif,4,20000,20000,,,https://brainportal.humanbrain.in/code/2dviewer/annotation/public?data=2&region=-1&section=1921&type=hd
1924,data2d/specimen_3/Specimen_3_1924.tif,tif,4,20000,20000,,,https://brainportal.humanbrain.in/code/2dviewer/annotation/public?data=2&region=-1&section=1924&type=hd
1927,data2d/specimen_3/Specimen_3_1927.tif,tif,4,20000,20000,,,https://brainportal.humanbrain.in/code/2dviewer/annotation/public?data=2&region=-1&section=1927&type=hd
1930,data2d/specimen_3/Specimen_3_1930.tif,tif,4,20000,20000,,,https://brainportal.humanbrain.in/code/2dviewer/annotation/public?data=2&region=-1&section=1930&type=hd
1933,data2d/specimen_3/Specimen_3_1933.tif,tif,4,20000,20000,,,https://brainportal.humanbrain.in/code/2dviewer/annotation/public?data=2&region=-1&section=1933&type=hd
1945,data2d/specimen_3/Specimen_3_1945.tif,tif,4,20000,20000,,,https://brainportal.humanbrain.in/code/2dviewer/annotation/public?data=2&region=-1&section=1945&type=hd
1948,data2d/specimen_3/Specimen_3_1948.tif,tif,4,20000,20000,,,https://brainportal.humanbrain.in/code/2dviewer/annotation/public?data=2&region=-1&section=1948&type=hd
1951,data2d/specimen_3/Specimen_3_1951.tif,tif,4,20000,20000,,,https://brainportal.humanbrain.in/code/2dviewer/annotation/public?data=2&region=-1&section=1951&type=hd
1954,data2d/specimen_3/Specimen_3_1954.tif,tif,4,20000,20000,,,https://brainportal.humanbrain.in/code/2dviewer/annotation/public?data=2&region=-1&section=1954&type=hd
1957,data2d/specimen_3/Specimen_3_1957.tif,tif,1,80000,80000,https://dharani-fetal-brain-atlas.s3.us-west-2.amazonaws.com/data2d/specimen_3/Specimen_3_1957.json,geojson,https://brainportal.humanbrain.in/code/2dviewer/annotation/public?data=2&region=-1&section=1957
1960,data2d/specimen_3/Specimen_3_1960.tif,tif,4,20000,20000,,,https://brainportal.humanbrain.in/code/2dviewer/annotation/public?data=2&region=-1&section=1960&type=hd
1963,data2d/specimen_3/Specimen_3_1963.tif,tif,4,20000,20000,,,https://brainportal.humanbrain.in/code/2dviewer/annotation/public?data=2&region=-1&section=1963&type=hd
1966,data2d/specimen_3/Specimen_3_1966.tif,tif,4,20000,20000,,,https://brainportal.humanbrain.in/code/2dviewer/annotation/public?data=2&region=-1&section=1966&type=hd
1969,data2d/specimen_3/Specimen_3_1969.tif,tif,4,20000,20000,,,https://brainportal.humanbrain.in/code/2dviewer/annotation/public?data=2&region=-1&section=1969&type=hd
1975,data2d/specimen_3/Specimen_3_1975.tif,tif,1,80000,80000,https://dharani-fetal-brain-atlas.s3.us-west-2.amazonaws.com/data2d/specimen_3/Specimen_3_1975.json,geojson,https://brainportal.humanbrain.in/code/2dviewer/annotation/public?data=2&region=-1&section=1975
1978,data2d/specimen_3/Specimen_3_1978.tif,tif,4,20000,20000,,,https://brainportal.humanbrain.in/code/2dviewer/annotation/public?data=2&region=-1&section=1978&type=hd
1981,data2d/specimen_3/Specimen_3_1981.tif,tif,4,20000,20000,,,https://brainportal.humanbrain.in/code/2dviewer/annotation/public?data=2&region=-1&section=1981&type=hd
1990,data2d/specimen_3/Specimen_3_1990.tif,tif,4,20000,20000,,,https://brainportal.humanbrain.in/code/2dviewer/annotation/public?data=2&region=-1&section=1990&type=hd
1993,data2d/specimen_3/Specimen_3_1993.tif,tif,4,20000,20000,,,https://brainportal.humanbrain.in/code/2dviewer/annotation/public?data=2&region=-1&section=1993&type=hd
1996,data2d/specimen_3/Specimen_3_1996.tif,tif,4,20000,20000,,,https://brainportal.humanbrain.in/code/2dviewer/annotation/public?data=2&region=-1&section=1996&type=hd
2002,data2d/specimen_3/Specimen_3_2002.tif,tif,1,80000,80000,https://dharani-fetal-brain-atlas.s3.us-west-2.amazonaws.com/data2d/specimen_3/Specimen_3_2002.json,geojson,https://brainportal.humanbrain.in/code/2dviewer/annotation/public?data=2&region=-1&section=2002
2005,data2d/specimen_3/Specimen_3_2005.tif,tif,4,20000,20000,,,https://brainportal.humanbrain.in/code/2dviewer/annotation/public?data=2&region=-1&section=2005&type=hd
2008,data2d/specimen_3/Specimen_3_2008.tif,tif,4,20000,20000,,,https://brainportal.humanbrain.in/code/2dviewer/annotation/public?data=2&region=-1&section=2008&type=hd
2011,data2d/specimen_3/Specimen_3_2011.tif,tif,1,80000,80000,https://dharani-fetal-brain-atlas.s3.us-west-2.amazonaws.com/data2d/specimen_3/Specimen_3_2011.json,geojson,https://brainportal.humanbrain.in/code/2dviewer/annotation/public?data=2&region=-1&section=2011
2014,data2d/specimen_3/Specimen_3_2014.tif,tif,4,20000,20000,,,https://brainportal.humanbrain.in/code/2dviewer/annotation/public?data=2&region=-1&section=2014&type=hd
2017,data2d/specimen_3/Specimen_3_2017.tif,tif,4,20000,20000,,,https://brainportal.humanbrain.in/code/2dviewer/annotation/public?data=2&region=-1&section=2017&type=hd
2020,data2d/specimen_3/Specimen_3_2020.tif,tif,4,20000,20000,,,https://brainportal.humanbrain.in/code/2dviewer/annotation/public?data=2&region=-1&section=2020&type=hd
2023,data2d/specimen_3/Specimen_3_2023.tif,tif,4,20000,20000,,,https://brainportal.humanbrain.in/code/2dviewer/annotation/public?data=2&region=-1&section=2023&type=hd
2026,data2d/specimen_3/Specimen_3_2026.tif,tif,4,20000,20000,,,https://brainportal.humanbrain.in/code/2dviewer/annotation/public?data=2&region=-1&section=2026&type=hd
2032,data2d/specimen_3/Specimen_3_2032.tif,tif,4,20000,20000,,,https://brainportal.humanbrain.in/code/2dviewer/annotation/public?data=2&region=-1&section=2032&type=hd
2035,data2d/specimen_3/Specimen_3_2035.tif,tif,4,20000,20000,,,https://brainportal.humanbrain.in/code/2dviewer/annotation/public?data=2&region=-1&section=2035&type=hd
2038,data2d/specimen_3/Specimen_3_2038.tif,tif,4,20000,20000,,,https://brainportal.humanbrain.in/code/2dviewer/annotation/public?data=2&region=-1&section=2038&type=hd
2041,data2d/specimen_3/Specimen_3_2041.tif,tif,4,20000,20000,,,https://brainportal.humanbrain.in/code/2dviewer/annotation/public?data=2&region=-1&section=2041&type=hd
2044,data2d/specimen_3/Specimen_3_2044.tif,tif,1,80000,80000,https://dharani-fetal-brain-atlas.s3.us-west-2.amazonaws.com/data2d/specimen_3/Specimen_3_2044.json,geojson,https://brainportal.humanbrain.in/code/2dviewer/annotation/public?data=2&region=-1&section=2044
2047,data2d/specimen_3/Specimen_3_2047.tif,tif,4,20000,20000,,,https://brainportal.humanbrain.in/code/2dviewer/annotation/public?data=2&region=-1&section=2047&type=hd
2053,data2d/specimen_3/Specimen_3_2053.tif,tif,4,20000,20000,,,https://brainportal.humanbrain.in/code/2dviewer/annotation/public?data=2&region=-1&section=2053&type=hd
2056,data2d/specimen_3/Specimen_3_2056.tif,tif,4,20000,20000,,,https://brainportal.humanbrain.in/code/2dviewer/annotation/public?data=2&region=-1&section=2056&type=hd
2062,data2d/specimen_3/Specimen_3_2062.tif,tif,4,20000,20000,,,https://brainportal.humanbrain.in/code/2dviewer/annotation/public?data=2&region=-1&section=2062&type=hd
2065,data2d/specimen_3/Specimen_3_2065.tif,tif,4,20000,20000,,,https://brainportal.humanbrain.in/code/2dviewer/annotation/public?data=2&region=-1&section=2065&type=hd
2068,data2d/specimen_3/Specimen_3_2068.tif,tif,4,20000,20000,,,https://brainportal.humanbrain.in/code/2dviewer/annotation/public?data=2&region=-1&section=2068&type=hd
2071,data2d/specimen_3/Specimen_3_2071.tif,tif,4,20000,20000,,,https://brainportal.humanbrain.in/code/2dviewer/annotation/public?data=2&region=-1&section=2071&type=hd
2074,data2d/specimen_3/Specimen_3_2074.tif,tif,4,20000,20000,,,https://brainportal.humanbrain.in/code/2dviewer/annotation/public?data=2&region=-1&section=2074&type=hd
2077,data2d/specimen_3/Specimen_3_2077.tif,tif,4,20000,20000,,,https://brainportal.humanbrain.in/code/2dviewer/annotation/public?data=2&region=-1&section=2077&type=hd
2080,data2d/specimen_3/Specimen_3_2080.tif,tif,1,80000,80000,https://dharani-fetal-brain-atlas.s3.us-west-2.amazonaws.com/data2d/specimen_3/Specimen_3_2080.json,geojson,https://brainportal.humanbrain.in/code/2dviewer/annotation/public?data=2&region=-1&section=2080
2083,data2d/specimen_3/Specimen_3_2083.tif,tif,4,20000,20000,,,https://brainportal.humanbrain.in/code/2dviewer/annotation/public?data=2&region=-1&section=2083&type=hd
2086,data2d/specimen_3/Specimen_3_2086.tif,tif,4,20000,20000,,,https://brainportal.humanbrain.in/code/2dviewer/annotation/public?data=2&region=-1&section=2086&type=hd
2089,data2d/specimen_3/Specimen_3_2089.tif,tif,4,20000,20000,,,https://brainportal.humanbrain.in/code/2dviewer/annotation/public?data=2&region=-1&section=2089&type=hd
2092,data2d/specimen_3/Specimen_3_2092.tif,tif,4,20000,20000,,,https://brainportal.humanbrain.in/code/2dviewer/annotation/public?data=2&region=-1&section=2092&type=hd
2095,data2d/specimen_3/Specimen_3_2095.tif,tif,4,20000,20000,,,https://brainportal.humanbrain.in/code/2dviewer/annotation/public?data=2&region=-1&section=2095&type=hd
2098,data2d/specimen_3/Specimen_3_2098.tif,tif,4,20000,20000,,,https://brainportal.humanbrain.in/code/2dviewer/annotation/public?data=2&region=-1&section=2098&type=hd
2101,data2d/specimen_3/Specimen_3_2101.tif,tif,4,20000,20000,,,https://brainportal.humanbrain.in/code/2dviewer/annotation/public?data=2&region=-1&section=2101&type=hd
2104,data2d/specimen_3/Specimen_3_2104.tif,tif,4,20000,20000,,,https://brainportal.humanbrain.in/code/2dviewer/annotation/public?data=2&region=-1&section=2104&type=hd
2107,data2d/specimen_3/Specimen_3_2107.tif,tif,4,20000,20000,,,https://brainportal.humanbrain.in/code/2dviewer/annotation/public?data=2&region=-1&section=2107&type=hd
2110,data2d/specimen_3/Specimen_3_2110.tif,tif,4,20000,20000,,,https://brainportal.humanbrain.in/code/2dviewer/annotation/public?data=2&region=-1&section=2110&type=hd
2113,data2d/specimen_3/Specimen_3_2113.tif,tif,4,20000,20000,,,https://brainportal.humanbrain.in/code/2dviewer/annotation/public?data=2&region=-1&section=2113&type=hd
2116,data2d/specimen_3/Specimen_3_2116.tif,tif,4,20000,20000,,,https://brainportal.humanbrain.in/code/2dviewer/annotation/public?data=2&region=-1&section=2116&type=hd
